TeamID,PlayerID,StartDate,EndDate
38,1,2/22/1979,10/21/2008
33,3,11/6/1973,5/28/2013
52,4,3/12/1986,11/7/1980
36,5,1/23/1986,6/9/1992
25,6,5/22/2012,8/10/1984
19,7,1/18/2009,6/19/1981
45,8,1/14/1992,7/10/1978
21,9,6/5/1985,10/27/1970
41,10,7/4/2001,1/17/2007
2,11,11/19/2008,12/21/1990
26,12,10/13/2000,12/22/2015
12,13,4/18/2002,5/10/1974
66,14,8/17/1987,11/20/1987
31,15,4/9/1977,10/1/1980
61,16,3/22/1984,4/13/1995
19,17,8/8/1994,5/1/2010
46,18,7/9/2005,8/29/2016
25,19,5/3/1982,4/17/1978
3,20,1/29/2016,4/25/1983
67,21,3/10/2019,8/31/2000
66,22,3/23/1981,10/13/2009
28,23,7/21/1979,12/20/2007
63,24,9/23/1989,12/10/2017
49,25,6/23/2018,7/14/2002
11,26,8/27/1995,2/12/1994
24,27,11/7/2020,10/27/2019
42,28,2/17/2014,2/12/1979
48,29,9/8/1977,1/15/1975
61,30,4/20/2007,12/6/1981
65,31,9/7/2006,7/20/1988
50,32,11/1/1970,3/21/2018
52,33,4/9/1975,12/21/1984
44,34,10/23/2008,11/21/2007
4,35,12/29/2005,7/10/2001
39,36,5/4/2007,11/23/1976
8,37,5/14/1992,11/1/2012
21,38,5/30/2016,11/25/2016
14,39,7/7/2013,10/29/2018
7,40,4/12/1984,11/17/1977
1,41,3/17/2001,2/10/2019
69,42,12/6/1995,4/10/2018
68,43,7/6/2013,8/8/1984
60,44,8/16/1972,11/26/1993
53,45,10/20/1997,6/1/1986
1,46,7/2/1988,7/15/1985
26,47,3/14/1975,7/27/1972
28,48,12/10/1993,1/21/2004
1,49,4/21/2007,1/29/1995
38,50,7/21/1974,5/8/1973
9,51,11/10/2003,5/14/2020
19,52,7/28/1986,8/7/1981
58,53,4/4/1988,6/10/1996
50,54,12/30/2011,11/27/1979
60,55,5/10/1979,10/24/1979
16,56,2/24/1976,8/12/1991
13,57,2/3/2008,12/14/2002
69,58,11/23/1972,9/5/2003
37,59,7/9/2009,11/13/2006
35,60,4/3/1985,12/13/1988
46,61,12/12/1990,5/17/1984
22,62,8/26/2003,8/4/1996
63,63,2/23/2009,6/14/2001
14,64,4/16/2000,5/1/2016
16,65,5/27/2002,5/16/1999
6,66,3/23/1998,6/18/1988
69,67,10/26/1974,9/17/1970
28,68,2/2/1975,2/26/2012
38,69,6/21/2020,8/4/1998
16,70,7/24/2016,9/13/2011
37,71,1/22/1978,5/24/1992
61,72,1/12/1992,4/7/1990
27,73,12/30/1974,12/16/2019
39,74,1/15/1989,8/5/1974
60,75,7/21/2011,12/15/2000
21,76,9/5/2000,3/17/2017
52,77,3/21/1995,6/24/1991
25,78,3/14/1987,2/20/2010
71,79,10/9/1982,6/19/2000
21,80,11/22/1979,9/10/1972
49,81,6/22/1988,5/6/1978
26,82,6/6/2004,6/8/2012
51,83,11/6/1979,9/2/2003
31,84,10/6/2003,7/15/2001
7,85,10/13/2019,2/14/2010
58,86,8/1/1983,11/26/2017
20,87,2/11/1972,12/27/1992
38,88,12/7/1979,11/14/2001
50,89,1/18/1997,11/9/2016
22,90,7/9/1975,7/17/2018
48,91,11/11/1983,4/23/2006
5,92,9/7/1975,11/2/1991
9,93,8/26/1998,3/31/1986
51,94,8/22/2003,6/16/2016
65,95,3/18/2007,10/21/1986
53,96,3/12/2006,8/26/1971
57,97,3/21/1995,3/28/2004
41,98,3/29/1983,11/21/2002
15,99,4/3/1994,12/23/2020
18,100,6/28/1997,2/13/1996
66,101,11/30/1979,5/21/2006
43,102,7/19/2009,4/12/2006
10,103,1/31/1980,3/13/1976
25,104,8/10/2018,1/31/1999
48,105,5/1/1971,10/16/2003
67,106,3/29/2010,6/1/1985
46,107,5/12/2018,3/28/2001
30,108,10/10/1986,9/21/1996
16,109,11/18/1978,12/5/1978
44,110,1/9/1989,4/27/1996
39,111,5/28/1996,2/1/1987
3,112,6/24/1984,9/20/1979
5,113,10/1/2002,2/21/1981
71,114,1/30/1972,4/5/1999
67,115,5/25/1986,11/9/1984
14,116,4/10/1989,6/30/1972
31,117,9/24/2020,3/7/2008
52,118,5/4/1986,3/8/2019
47,119,5/20/2018,1/7/1988
54,120,6/18/1989,11/17/1995
24,121,1/15/2005,11/30/1994
69,122,12/10/1975,8/13/1973
54,123,9/15/2004,2/19/1993
31,124,7/25/1973,5/28/2014
58,125,11/26/1988,5/3/1979
25,126,7/10/1986,3/19/1985
19,127,12/18/2008,7/26/1983
38,128,1/12/1973,12/15/1989
29,129,2/7/1986,7/18/1984
47,130,11/19/2009,9/30/2004
22,131,5/15/2005,7/15/1972
38,132,6/19/1991,1/3/1994
32,133,1/24/1998,7/13/1998
41,134,8/10/2003,8/20/1997
33,135,12/11/2002,12/12/1979
30,136,7/25/2015,7/30/1988
48,137,3/6/2009,5/10/1988
49,138,12/4/1974,11/18/2012
56,139,3/1/1983,8/4/1971
20,140,2/7/1970,5/7/1980
65,141,6/19/1976,10/13/2005
7,142,3/15/2005,8/28/2004
28,143,8/24/2009,7/7/2011
36,144,7/8/1982,4/6/2004
38,145,7/3/2000,10/24/1989
41,146,10/8/1998,10/29/2009
59,147,1/27/1979,5/12/1982
58,148,3/10/2011,12/30/2007
23,149,6/16/1997,1/1/2015
7,150,11/3/1974,2/3/2000
2,151,3/17/1992,12/11/1998
55,152,1/30/2018,9/28/1994
2,153,8/21/1996,10/27/1993
41,154,5/19/2003,9/29/2002
53,155,10/28/1983,11/1/2010
71,156,7/12/2009,6/3/1997
18,157,3/12/2003,2/3/1993
3,158,8/16/2011,9/28/1987
64,159,7/24/2016,2/5/2017
11,160,11/5/1996,4/24/1982
19,161,5/4/1978,7/27/2003
48,162,4/6/2005,8/10/1988
30,163,8/27/1973,3/27/1994
34,164,11/4/2006,7/21/1996
44,165,6/27/1976,3/4/2009
61,166,2/22/1971,12/7/1994
16,167,2/28/1982,4/27/2002
27,168,7/28/1985,1/30/2005
40,169,9/25/2020,11/22/1985
68,170,5/22/1987,4/29/1994
35,171,6/23/1993,5/10/2004
35,172,3/26/2008,10/27/1989
51,173,12/27/1993,9/7/2015
18,174,1/21/1992,2/14/2009
41,175,4/27/1970,9/9/2003
62,176,3/18/2000,6/10/1980
24,177,1/8/1972,4/23/1979
25,178,10/2/1984,4/22/1989
53,179,9/1/1977,5/25/1997
9,180,6/27/1983,4/2/1998
5,181,10/25/1979,7/29/2015
24,182,7/14/2009,1/10/1982
61,183,10/5/2000,11/25/1972
16,184,5/6/1977,2/7/2018
4,185,10/10/1988,9/13/1977
9,186,9/10/1977,4/26/1992
36,187,4/17/1993,11/3/1984
16,188,11/25/1993,7/13/2011
18,189,2/9/2018,2/11/1987
30,190,11/24/2002,5/22/1987
21,191,1/28/1975,4/13/1986
43,192,11/25/2005,4/13/1992
11,193,5/29/1995,1/29/2008
39,194,3/25/2008,8/16/2007
38,195,1/3/2011,3/14/1979
54,196,7/11/2010,12/20/1974
57,197,3/11/2014,2/13/2014
67,198,9/27/2006,9/30/2010
18,199,8/9/1973,12/10/2009
70,200,6/5/1993,12/6/1975
61,201,2/7/1973,9/23/2019
60,202,7/26/1974,1/25/1987
66,203,3/27/1996,7/7/2012
29,204,3/5/1976,10/1/2018
46,205,1/3/1997,6/4/1977
5,206,7/25/1999,5/13/2007
34,207,8/3/1970,8/28/1970
30,208,6/6/2004,3/22/1975
26,209,12/27/1988,4/28/1977
39,210,11/28/2007,6/25/2008
21,211,3/6/1996,2/3/1995
60,212,6/10/2008,3/29/1971
40,213,12/18/1996,9/27/2006
48,214,5/9/1980,6/5/1974
22,215,3/14/2005,3/12/1993
10,216,12/30/1972,5/7/2013
8,217,2/19/1984,7/23/1970
60,218,7/4/1989,6/4/1994
10,219,6/10/1990,8/8/1993
47,220,7/7/2017,1/18/1997
42,221,11/13/2020,12/31/2019
60,222,9/14/1986,2/28/2014
43,223,5/5/1977,11/1/1998
14,224,8/7/1992,8/30/1978
41,225,5/5/1974,10/6/1999
26,226,8/21/2017,10/19/1981
28,227,12/9/2002,6/25/2006
27,228,2/26/1997,12/17/1995
59,229,4/28/2017,9/29/2008
24,230,12/26/2005,2/16/2018
17,231,12/22/2017,5/7/2002
40,232,6/26/1971,5/12/1988
58,233,2/14/1989,5/9/1991
32,234,6/10/2016,4/27/2001
42,235,4/6/1993,3/31/2021
22,236,8/8/1993,12/14/1997
12,237,10/25/2015,3/20/2010
43,238,5/12/2012,12/2/1984
35,239,4/4/1995,12/19/1987
47,240,1/29/1978,7/15/1997
52,241,12/12/2011,9/14/1972
65,242,10/30/2016,7/3/2014
17,243,10/27/1992,3/31/1990
9,244,10/9/2005,5/12/1991
23,245,2/21/2021,4/11/1994
34,246,7/25/1978,1/25/2005
43,247,2/6/1974,1/22/2003
24,248,3/8/2001,5/17/1991
31,249,4/22/1998,7/29/1987
16,250,6/12/1988,11/3/2006
55,251,5/16/1996,8/6/2020
48,252,4/8/2000,7/12/1975
4,253,4/26/2012,1/26/1999
61,254,8/16/2006,12/5/1998
13,255,7/4/1995,9/30/2000
38,256,10/6/1973,12/1/2008
61,257,4/8/2003,3/16/2011
46,258,7/30/1991,12/19/1992
70,259,6/25/2014,11/15/2005
9,260,9/10/1972,2/9/1991
15,261,5/3/1984,8/12/2016
58,262,6/29/1999,5/5/1975
10,263,4/25/1991,10/10/2017
21,264,7/2/2020,1/1/2020
14,265,4/26/2012,12/27/2003
43,266,9/9/1996,2/1/2014
5,267,10/1/1974,12/18/2003
17,268,6/15/1983,12/23/1977
3,269,5/14/2006,11/23/2005
50,270,9/17/1972,6/14/2007
37,271,3/17/1982,8/5/1986
39,272,11/27/2002,6/16/1976
26,273,6/13/2002,8/11/1996
35,274,1/26/1983,12/18/1982
58,275,10/31/1979,1/27/1971
51,276,6/13/1978,4/12/2018
49,277,5/19/1995,1/20/2008
11,278,1/25/1976,9/13/1988
1,279,12/22/1989,1/12/1985
61,280,12/6/1997,8/20/2004
19,281,1/25/1991,6/18/1994
20,282,5/9/1971,3/11/1997
25,283,9/17/2015,1/26/1978
33,284,4/30/2019,5/27/2003
28,285,3/26/1972,6/29/1977
66,286,7/10/2009,7/30/1971
47,287,6/20/2003,10/15/2011
70,288,11/2/2007,7/23/2019
41,289,2/20/1989,4/15/2019
54,290,2/4/2021,9/29/2004
65,291,12/6/2006,2/3/2012
41,292,10/22/2014,7/14/2020
55,293,11/7/1979,5/15/1990
12,294,7/2/2002,9/12/2020
70,295,12/24/1981,12/12/1976
5,296,3/15/1989,12/19/1970
20,297,12/21/1974,1/9/1986
44,298,10/3/2005,7/12/1972
1,299,1/3/1984,9/28/2019
35,300,10/11/1994,11/2/2011
38,301,9/3/2010,8/16/1977
11,302,2/18/1997,8/17/2002
70,303,12/9/2007,7/26/2007
63,304,2/26/1972,3/10/1992
1,305,2/10/1979,1/29/2014
35,306,6/5/1982,9/23/1995
13,307,4/2/1999,6/14/1978
43,308,5/25/2013,11/27/2015
57,309,10/2/1982,8/27/1975
46,310,4/26/1974,12/26/1987
2,311,7/2/2007,10/29/1996
9,312,1/1/1988,3/25/2014
29,313,4/5/2014,7/26/1980
67,314,6/3/2008,8/2/1996
31,315,5/15/1983,4/25/2021
57,316,11/24/1997,7/17/1998
15,317,10/18/1971,7/23/2002
15,318,6/14/2001,5/31/2004
4,319,7/17/2017,2/18/2005
42,320,2/9/1982,2/7/1998
14,321,4/26/2000,2/11/2008
57,322,9/29/1988,12/2/1988
68,323,4/23/2018,4/6/1972
18,324,11/19/2019,12/11/2017
36,325,2/26/2010,9/16/2000
67,326,6/24/2007,10/6/2020
59,327,2/8/1977,9/13/1992
60,328,1/2/1974,5/20/1990
7,329,9/10/2013,10/1/2018
38,330,5/18/2002,2/8/2013
28,331,1/2/2012,4/20/2019
54,332,10/22/2019,4/7/2011
55,333,12/7/1986,1/21/1983
38,334,10/4/2007,2/13/1975
6,335,10/9/1986,8/3/2009
39,336,11/2/1979,8/29/2018
47,337,6/7/1970,5/4/1990
58,338,9/27/1983,10/18/1977
23,339,6/15/1977,1/13/1992
13,340,8/12/1979,5/7/2002
64,341,3/21/1997,6/9/1974
47,342,8/17/2009,9/30/1975
53,343,3/21/1978,8/27/2020
60,344,10/6/1982,8/29/2008
7,345,8/10/1995,12/6/1983
64,346,5/28/1989,6/26/1988
22,347,2/9/2008,7/15/2006
5,348,11/1/1993,5/31/2002
34,349,9/4/1991,2/19/2000
41,350,11/20/1997,2/26/1998
44,351,9/12/1994,10/11/2019
50,352,7/9/2011,3/14/2006
54,353,5/8/1989,10/18/2019
65,354,8/21/1976,7/18/2008
32,355,7/21/1984,6/24/2010
42,356,10/30/1980,2/23/1999
20,357,3/24/2014,1/27/2019
39,358,7/11/1982,11/25/1974
21,359,4/23/1986,9/25/1982
43,360,5/1/1976,6/24/1990
31,361,9/10/1985,2/16/1972
18,362,11/17/2011,7/17/1986
69,363,9/11/2005,7/16/1973
33,364,7/28/1981,4/4/2010
4,365,3/3/1970,3/21/1972
29,366,1/17/2016,1/9/1989
12,367,9/9/1974,2/5/1996
30,368,5/7/1972,10/23/2002
5,369,6/10/2002,12/4/2007
4,370,12/7/1994,9/29/1993
57,371,6/16/1978,11/3/2009
54,372,2/21/1991,10/17/1995
57,373,12/23/1977,6/23/1980
59,374,4/25/1972,10/5/1974
2,375,7/26/1992,6/7/2000
10,376,11/26/1985,7/24/1990
15,377,10/1/2015,2/19/2011
16,378,5/18/1986,9/5/1980
64,379,7/19/1971,2/21/2016
49,380,2/15/1972,1/10/2020
2,381,1/11/1979,12/17/2005
69,382,8/16/2002,4/6/2005
11,383,11/9/1973,1/24/1995
65,384,2/15/2005,11/17/2009
21,385,11/10/2013,10/10/2013
19,386,6/3/1974,6/28/2005
28,387,4/28/2012,4/5/1995
32,388,12/15/1999,4/27/2016
29,389,2/5/1995,6/20/2005
49,390,7/8/2015,7/17/2001
15,391,8/11/2008,9/2/1978
33,392,7/15/2003,1/29/1978
30,393,11/14/2011,3/24/2005
7,394,6/12/1995,12/31/1991
18,395,3/28/1986,5/11/1980
31,396,3/24/1995,7/17/1977
25,397,6/8/1973,8/11/2001
37,398,3/19/1978,4/2/2010
28,399,8/5/1997,6/13/2014
31,400,5/25/1972,8/30/2003
50,401,12/9/1990,2/20/2011
50,402,11/13/2003,2/12/1983
62,403,4/28/2003,12/13/1993
64,404,12/27/1986,1/6/2018
3,405,12/14/1975,4/30/1976
22,406,12/17/1972,12/9/1988
4,407,8/26/1998,8/29/1984
24,408,10/17/2014,5/29/2007
40,409,8/24/2018,1/27/2019
27,410,2/26/2005,9/29/2001
27,411,1/4/1980,4/7/2015
42,412,9/24/1984,8/1/1973
7,413,7/25/1989,9/28/1994
46,414,2/4/2021,11/5/1974
29,415,9/29/1998,5/20/1978
37,416,1/30/1993,12/29/1984
62,417,4/4/1987,5/11/2000
4,418,8/29/2010,8/18/2019
65,419,12/14/1991,3/20/1972
68,420,6/25/2012,2/1/1972
38,421,10/17/1971,5/8/2015
25,422,7/14/2014,1/22/1983
29,423,4/6/1996,5/22/2010
60,424,12/25/1991,6/21/1970
63,425,3/20/2008,3/29/1999
7,426,7/7/1998,10/5/1970
58,427,2/11/1981,8/28/1982
22,428,2/19/1981,1/12/1986
32,429,5/7/1987,5/15/2005
42,430,6/16/2010,4/25/1988
65,431,7/4/1988,6/21/2019
21,432,11/24/1989,11/1/2000
66,433,9/14/2009,2/2/1982
29,434,7/21/1983,10/18/2019
57,435,8/17/1994,11/1/1975
63,436,2/13/1983,6/16/2006
58,437,1/4/1996,5/18/1998
53,438,2/15/2006,4/28/1975
44,439,2/28/1984,4/26/1974
48,440,6/24/1997,3/5/2017
3,441,6/16/1978,9/8/1974
67,442,2/5/1982,4/21/2007
28,443,12/7/1994,7/11/1974
26,444,7/29/1978,1/8/1972
2,445,1/8/1991,12/11/2008
66,446,6/26/2007,8/3/1996
25,447,6/16/2002,7/21/1982
21,448,12/20/1997,10/10/1986
31,449,1/29/1989,12/17/1985
52,450,12/18/1982,4/20/2009
44,451,7/22/1976,9/20/1984
57,452,10/1/1972,2/4/2003
17,453,3/22/1993,1/25/2007
55,454,2/18/1986,3/19/2016
51,455,8/18/1990,9/18/1980
30,456,5/28/2019,10/9/2011
16,457,11/30/2020,11/24/1991
6,458,2/20/2021,4/30/1983
52,459,11/7/1974,8/17/2018
65,460,3/4/2014,12/24/1979
21,461,4/18/1990,9/13/2005
11,462,1/4/2019,10/3/2008
20,463,5/1/2010,9/3/1971
7,464,11/16/1983,12/17/1976
49,465,7/3/1988,12/5/1986
10,466,1/16/1983,12/13/2017
67,467,8/5/1973,10/31/2014
18,468,3/8/1987,5/28/2015
47,469,12/12/1983,12/25/1987
9,470,1/26/1988,2/8/1997
5,471,10/22/1972,2/19/1972
11,472,2/18/2016,10/20/1984
42,473,7/9/1980,5/15/1984
54,474,11/20/1992,5/1/1972
57,475,9/27/1974,10/9/2016
67,476,5/31/1974,4/12/1994
1,477,11/20/2003,8/17/1973
8,478,12/19/2011,5/23/2017
6,479,3/29/1992,2/18/1979
68,480,3/7/1998,4/25/2016
41,481,9/25/1996,1/4/1977
55,482,2/20/2016,4/7/1993
61,483,6/17/2005,7/11/2003
70,484,1/17/2006,9/21/2009
60,485,12/1/2008,5/10/1982
15,486,7/11/1979,6/8/1973
68,487,9/25/1981,9/8/2006
70,488,1/11/2011,3/28/2008
12,489,8/19/1977,10/10/2005
13,490,3/24/1982,2/24/1985
29,491,2/13/2020,8/10/2019
4,492,9/23/2003,8/3/2012
57,493,11/23/2011,12/4/1973
45,494,3/2/1987,3/22/1978
30,495,8/29/2012,10/31/2014
18,496,8/1/2016,2/10/1976
20,497,9/4/2019,6/14/1988
59,498,11/4/1987,12/27/2010
20,499,10/21/2002,3/16/2012
25,500,9/27/1977,5/15/2018
18,501,5/31/2001,10/15/1983
31,502,7/6/2013,7/18/1991
22,503,5/26/2004,9/8/1986
2,504,8/20/1981,12/11/1979
17,505,7/2/2001,6/13/1975
58,506,3/7/1980,10/22/2002
68,507,5/16/2003,9/14/1973
47,508,10/23/2002,11/17/1976
13,509,11/14/2006,12/24/1978
49,510,12/16/2017,10/16/1996
51,511,8/2/2016,7/3/1989
10,512,5/19/1977,7/6/1970
69,513,4/17/1971,8/28/2002
59,514,2/13/1971,3/15/1993
52,515,5/16/1994,12/25/1995
27,516,3/16/1981,12/1/1985
62,517,11/3/2019,4/13/1973
51,518,5/24/1999,2/26/2001
4,519,4/18/1995,10/5/1998
43,520,1/24/2011,5/18/1983
5,521,12/4/1970,8/25/2018
54,522,10/17/1976,7/13/2020
60,523,3/20/1975,4/5/2018
23,524,7/16/2016,10/17/1989
40,525,5/1/1985,1/27/1996
64,526,2/16/2007,3/17/1989
5,527,6/16/1980,5/4/1978
56,528,7/7/1999,9/13/2015
15,529,11/10/1973,6/7/2009
11,530,3/29/2014,3/11/1983
13,531,5/17/1992,11/4/1983
15,532,8/24/2019,7/30/2006
16,533,4/8/1984,8/3/1981
40,534,9/12/1995,7/20/2005
5,535,9/27/1998,10/27/2019
8,536,7/31/1979,9/21/2019
69,537,8/12/2020,10/16/2014
16,538,6/17/2019,4/7/1991
55,539,6/6/1988,5/3/2015
47,540,3/7/1990,12/7/2014
2,541,9/22/2011,11/3/2002
13,542,5/30/1994,11/29/2017
53,543,9/14/2002,4/17/1984
18,544,9/7/2013,9/6/1982
40,545,4/16/2015,7/11/1980
62,546,8/16/1984,7/11/1994
21,547,12/19/1970,10/8/2003
51,548,1/31/1973,5/2/2006
55,549,4/19/1972,6/10/2000
68,550,1/23/2014,2/11/2015
32,551,2/12/2002,7/18/2019
25,552,11/7/2004,8/4/1988
45,553,6/12/1971,10/10/2013
16,554,2/9/2002,7/2/2007
1,555,1/26/2005,4/16/1982
15,556,2/27/1983,3/2/1999
22,557,11/17/2016,11/13/1980
11,558,9/5/1971,8/15/2001
44,559,4/23/1996,6/30/2014
50,560,1/21/1971,7/23/1972
49,561,6/12/2013,10/25/1983
14,562,4/29/2010,5/31/1992
14,563,2/7/2020,3/30/2003
60,564,7/9/2005,5/13/1977
4,565,10/28/1989,8/28/2017
10,566,3/5/2013,6/16/1979
3,567,1/16/2003,10/24/2014
35,568,9/6/1979,6/2/2005
40,569,12/10/1976,3/24/1971
39,570,2/19/2012,2/15/2021
8,571,3/10/1975,5/26/1997
57,572,5/20/1980,8/3/2003
64,573,7/6/1984,3/6/2006
27,574,5/17/2017,6/4/1993
64,575,3/7/1991,10/3/2013
2,576,10/1/1990,4/29/2009
47,577,10/3/2016,11/21/1986
47,578,8/25/1996,4/22/2000
26,579,10/1/1989,8/7/1973
25,580,7/5/1991,4/7/2008
44,581,8/20/2005,10/3/2010
57,582,5/31/2018,9/23/1989
4,583,12/11/1983,12/11/1991
4,584,8/11/2006,8/14/1981
44,585,7/14/2010,2/24/1996
51,586,4/1/1974,1/17/1972
62,587,3/10/2020,10/2/2011
43,588,3/8/2018,2/19/1972
41,589,5/8/2019,3/1/2012
24,590,3/18/1978,12/22/2008
70,591,9/16/1971,1/22/2006
60,592,5/4/2007,12/14/2016
32,593,12/10/1974,10/6/1993
70,594,6/19/1991,12/17/1979
58,595,7/23/1978,5/11/2020
57,596,3/15/1994,11/13/2014
33,597,7/5/1997,6/22/1997
42,598,11/28/1976,5/3/1987
30,599,10/8/1976,8/7/1990
42,600,2/15/2018,11/4/1992
61,601,1/3/1988,7/31/2018
52,602,2/10/1983,9/2/1986
21,603,4/22/1997,1/31/1971
57,604,3/19/1981,2/26/2019
28,605,5/13/1974,9/27/2019
4,606,9/20/1981,4/15/1978
63,607,1/11/2020,10/10/2006
45,608,6/24/2017,9/21/2017
65,609,12/8/1978,8/10/1999
33,610,11/11/2012,8/29/1982
23,611,4/8/2000,10/4/1979
28,612,12/29/2006,12/9/1994
25,613,4/27/1985,9/9/1985
6,614,11/12/1988,7/25/1994
19,615,4/11/1987,1/31/1977
25,616,9/22/1985,9/10/1999
8,617,10/26/1971,11/20/1982
17,618,3/7/2017,11/1/1979
43,619,4/14/2001,2/29/2012
53,620,8/16/2004,7/24/2008
35,621,3/15/1985,5/22/2011
35,622,5/22/1991,10/31/1990
46,623,2/12/1990,8/31/1984
20,624,1/29/1973,9/7/2008
36,625,11/16/1982,2/9/2018
55,626,10/28/1997,11/27/1996
40,627,11/14/1994,10/20/1999
29,628,1/27/1987,1/31/2011
49,629,1/16/1997,12/2/1998
23,630,9/3/1973,3/25/2001
22,631,12/23/2000,3/2/1989
40,632,4/9/1989,8/20/1983
14,633,12/26/1994,7/5/1985
59,634,1/9/1973,4/3/2008
36,635,9/10/1978,4/22/1982
67,636,7/8/1993,4/5/2009
33,637,8/6/1983,11/21/2009
64,638,6/2/2003,8/15/1970
1,639,12/11/2012,6/7/2020
49,640,3/5/2018,10/15/2018
67,641,3/27/1971,11/11/2004
62,642,1/5/1996,10/8/2018
31,643,12/11/2014,8/4/1976
71,644,6/21/2007,9/3/1984
36,645,1/17/2003,10/5/2019
24,646,6/2/1983,2/24/1974
52,647,12/20/2008,1/4/2009
47,648,10/25/2014,4/13/2016
27,649,9/8/2013,8/27/1984
51,650,5/31/1994,9/28/1978
20,651,5/12/1991,1/10/1976
29,652,12/21/1972,10/19/1994
54,653,10/16/1979,9/11/1992
50,654,5/6/2020,6/11/1983
44,655,11/26/2014,3/19/1991
57,656,6/20/1972,9/22/2017
47,657,4/18/2015,5/30/1993
20,658,7/1/2010,3/20/1978
17,659,5/27/1980,4/27/1984
23,660,4/30/2019,8/3/1990
1,661,2/5/1971,3/12/1994
17,662,11/22/1981,4/29/1991
8,663,3/8/2013,3/30/2007
66,664,11/4/2016,7/24/1994
8,665,7/2/2018,1/20/1974
8,666,6/21/2005,12/6/2016
47,667,1/14/2001,6/26/2006
51,668,1/8/1977,4/2/1982
53,669,6/10/2001,3/29/1997
3,670,7/17/1990,6/26/2005
40,671,6/11/2008,1/14/2006
50,672,12/23/2009,7/17/2020
51,673,3/19/1971,6/7/1991
23,674,1/18/2006,1/30/1978
19,675,8/15/1997,2/16/2012
64,676,1/21/1984,10/25/1979
64,677,1/17/1972,4/8/1998
7,678,10/30/2012,6/27/2014
29,679,6/20/1977,5/9/2014
6,680,6/14/2014,5/15/1990
52,681,9/6/2011,1/19/1977
28,682,2/27/1998,12/13/1993
48,683,12/29/2005,2/17/1998
38,684,1/18/1997,10/27/1991
24,685,5/26/1996,8/29/2019
14,686,4/1/1990,9/5/1970
57,687,10/5/2005,8/28/2004
23,688,8/8/1997,1/28/1992
6,689,2/20/2020,2/2/1991
14,690,5/29/2011,8/7/1993
41,691,3/21/1992,3/5/1993
54,692,11/28/2016,10/20/1974
41,693,8/13/1971,6/1/2019
11,694,10/15/2002,9/9/1999
71,695,11/3/2017,12/12/1995
64,696,7/21/1992,8/5/1979
46,697,5/30/1981,8/22/2012
19,698,4/23/1979,3/30/1982
32,699,8/8/1994,12/12/2008
59,700,12/23/1994,5/28/2010
31,701,4/24/1981,6/25/1997
44,702,11/4/2020,2/9/2009
2,703,5/12/1977,7/21/2009
62,704,5/30/1973,12/12/1976
29,705,5/15/2012,2/19/2010
65,706,8/28/1987,10/4/1979
17,707,7/3/2012,10/18/2001
28,708,3/15/1971,9/18/2004
34,709,6/19/1978,12/12/2015
27,710,5/8/2006,10/12/1982
70,711,11/25/1995,10/17/1999
12,712,11/1/2011,8/18/1983
36,713,11/2/1989,1/15/1988
52,714,7/18/1996,11/26/1994
22,715,12/20/1977,9/30/1989
51,716,12/2/2004,2/1/1999
7,717,2/17/1981,6/4/1990
26,718,3/17/1986,8/30/2010
39,719,9/17/1987,12/25/2006
45,720,10/22/1988,9/10/1973
64,721,11/9/2020,8/31/2003
62,722,6/8/1980,5/13/1983
69,723,7/16/2011,7/18/2000
29,724,12/4/2006,8/16/2012
29,725,8/15/2019,11/15/1995
8,726,10/27/1975,9/23/2001
27,727,12/2/1987,4/14/1983
50,728,12/4/2005,8/27/2011
58,729,10/6/1972,3/15/1972
9,730,9/20/2017,8/11/1990
57,731,8/21/1990,6/20/1981
66,732,2/18/2019,9/17/1978
29,733,1/25/2015,4/15/1975
47,734,5/15/1998,5/1/2004
34,735,4/12/2016,2/20/2004
36,736,12/22/1998,12/24/1995
37,737,3/20/1987,11/10/1977
4,738,3/10/1970,8/31/1980
42,739,2/22/1981,4/4/1991
54,740,4/4/1983,12/28/1974
54,741,2/11/2009,7/10/1972
20,742,1/10/1985,1/12/1998
64,743,4/1/1998,9/27/1971
33,744,8/23/2017,4/23/2018
33,745,1/10/1991,12/2/2019
69,746,1/4/1985,1/9/1983
11,747,11/3/1998,9/14/1984
35,748,4/25/1990,9/3/1994
65,749,11/12/1974,6/4/1992
54,750,1/9/2001,8/31/2020
2,751,3/26/1992,9/29/2017
50,752,4/10/2021,12/29/1997
58,753,2/21/2005,12/4/2006
44,754,10/30/1994,4/21/2001
44,755,3/17/1982,11/15/1980
42,756,6/22/2005,2/12/2009
29,757,4/1/2001,1/23/1976
49,758,12/22/1996,1/13/1997
40,759,7/17/1992,12/6/1977
35,760,1/7/1974,5/28/1995
36,761,2/17/1979,7/16/1982
51,762,4/25/1985,10/21/2020
17,763,3/20/2013,8/31/2005
68,764,3/31/2012,9/7/2016
24,765,6/23/2015,4/24/1984
59,766,4/12/1972,5/3/2004
32,767,12/11/1988,11/25/1976
69,768,4/21/2019,9/27/1990
4,769,12/14/1975,8/1/2015
23,770,10/12/1970,2/11/2009
8,771,12/10/1995,8/22/2020
27,772,7/17/1995,10/31/1996
11,773,2/10/1977,4/30/2020
35,774,9/13/1981,3/26/2005
45,775,7/14/1990,2/12/1984
24,776,2/3/2003,1/13/2006
70,777,8/27/2000,6/9/1989
34,778,8/9/1985,2/27/1997
65,779,11/23/1972,3/25/2019
68,780,4/27/2008,1/31/2011
51,781,9/22/1983,7/6/2001
9,782,7/17/1984,7/8/1973
56,783,7/14/2015,8/29/2008
26,784,5/24/2007,10/14/1972
1,785,6/15/1999,2/23/2010
30,786,1/24/2005,3/2/2001
65,787,3/11/1995,3/16/1989
42,788,11/6/1990,10/5/1998
6,789,12/3/2009,2/25/2011
63,790,7/29/2002,6/15/1984
46,791,7/9/2013,11/26/1974
34,792,12/17/2015,10/4/1996
41,793,11/21/2008,6/7/1982
71,794,9/9/2011,10/24/2008
59,795,12/8/1990,1/21/2020
31,796,4/10/1997,12/29/1975
2,797,3/9/2008,11/16/1996
44,798,7/4/2010,4/13/1985
47,799,12/31/1997,9/9/1970
54,800,12/17/1982,6/11/1996
53,801,9/8/2015,4/29/1983
62,802,2/25/1977,1/14/1995
19,803,5/3/2007,4/26/1997
30,804,6/6/1977,8/26/2015
16,805,8/3/2002,8/17/1973
25,806,8/16/2003,1/19/1988
41,807,1/10/2001,10/18/1971
35,808,1/5/1995,1/5/1977
19,809,10/18/1994,4/12/2016
13,810,6/3/1973,1/8/2017
15,811,8/19/2018,2/1/1989
21,812,3/13/1976,6/24/1993
5,813,2/18/1972,10/7/2009
66,814,7/24/1978,4/16/1978
31,815,11/22/2010,4/15/2010
54,816,11/13/1970,11/28/1995
18,817,11/25/1980,11/20/1995
19,818,9/5/1978,2/9/2011
28,819,12/23/2001,11/25/1988
37,820,10/6/1994,7/2/1972
26,821,9/27/1984,4/4/1989
64,822,10/22/2008,2/19/1973
33,823,9/28/1977,11/4/2017
1,824,11/21/1992,1/18/1998
15,825,11/18/2013,5/20/2008
6,826,5/28/1988,10/16/1996
45,827,8/27/2007,8/6/1992
15,828,4/15/1994,12/10/1973
20,829,7/13/1983,10/20/1998
67,830,1/13/1984,3/6/2003
1,831,3/12/1977,8/30/2015
27,832,9/16/1980,7/19/1970
63,833,10/19/2019,7/16/2010
47,834,8/4/2008,10/2/1985
30,835,2/7/1990,9/13/2014
34,836,12/28/2011,8/7/1995
3,837,9/30/1997,8/12/2012
6,838,10/22/2007,10/23/2006
44,839,7/28/2004,11/16/2009
14,840,2/3/2012,5/4/1997
30,841,2/10/1984,10/1/1990
49,842,4/24/2009,5/14/2010
57,843,7/11/1974,1/7/1986
4,844,4/13/2015,5/12/1979
19,845,11/24/2013,11/20/2016
63,846,10/24/1973,2/15/1983
42,847,12/17/1976,12/17/1984
51,848,7/4/1996,11/24/2017
55,849,4/10/2000,6/3/1993
40,850,3/15/1970,11/9/2016
3,851,8/15/2003,2/27/2006
31,852,6/16/2009,11/14/2004
49,853,12/2/2011,10/26/1981
63,854,7/16/1997,12/12/1995
60,855,1/26/1994,8/2/1987
35,856,12/14/1986,10/19/2017
28,857,10/13/1984,5/14/1987
47,858,10/8/2002,9/29/1979
42,859,1/4/2006,4/5/1995
43,860,12/15/2008,2/25/2001
27,861,5/29/1979,9/14/1981
35,862,5/10/2000,9/9/1986
1,863,6/12/2008,1/23/2011
14,864,7/27/2009,3/13/2021
13,865,10/23/1990,12/7/2017
21,866,3/27/1997,8/9/2014
26,867,1/6/1978,6/24/2000
56,868,1/19/1979,6/4/1997
46,869,5/2/1997,8/8/2014
33,870,2/22/1998,10/28/1981
24,871,8/28/1986,7/4/2019
11,872,9/3/1993,10/18/2017
58,873,4/1/2007,5/28/2016
60,874,8/3/1979,4/9/2010
30,875,5/5/2005,7/17/2012
24,876,4/1/2004,10/23/2007
20,877,10/24/2018,4/30/1979
15,878,1/17/1985,11/24/1979
71,879,12/28/2006,5/25/2011
6,880,4/17/1975,10/26/1989
22,881,3/26/1977,10/16/1975
30,882,7/24/2015,3/28/2010
67,883,10/18/1970,8/30/2015
59,884,11/6/2007,5/12/1975
11,885,1/23/2016,3/20/1988
71,886,2/4/1995,7/1/1992
6,887,12/31/1982,1/23/1997
18,888,8/21/2003,6/10/1982
26,889,6/8/1975,7/18/1977
8,890,6/18/2013,7/16/1994
67,891,4/17/1973,9/23/1981
56,892,3/27/2013,6/22/2008
20,893,5/21/1985,12/3/2020
26,894,4/13/2004,1/30/2003
66,895,2/9/2000,7/24/2018
13,896,2/3/2014,9/12/2009
25,897,7/12/1983,2/25/1972
6,898,4/3/1973,9/6/2014
71,899,6/18/1998,3/20/1970
32,900,10/20/1978,1/26/2011
26,901,6/20/2012,4/1/2000
31,902,5/6/1999,10/17/1978
29,903,7/29/1988,12/8/1991
12,904,11/12/1972,6/24/1977
62,905,6/3/2018,9/13/1979
38,906,7/20/2016,12/8/1985
29,907,1/30/1970,5/26/2013
37,908,9/28/2017,5/10/1981
11,909,12/30/2013,5/19/2010
26,910,1/6/1984,4/22/1980
46,911,6/14/2012,12/21/1994
50,912,2/12/2001,8/30/1975
59,913,10/26/2005,1/11/2011
49,914,6/8/1976,12/8/1996
27,915,12/10/1973,11/25/2020
33,916,10/14/1981,2/10/1994
71,917,8/2/2016,4/19/1978
39,918,3/3/2021,4/27/2000
26,919,8/8/2018,12/3/1984
12,920,2/2/2016,7/28/1992
69,921,3/23/2011,3/30/1980
61,922,8/19/1993,8/9/2006
45,923,5/31/1973,1/6/1976
37,924,7/24/2002,1/2/1972
26,925,6/15/2008,2/3/2007
59,926,5/6/1976,3/29/1971
48,927,12/5/2013,8/4/1996
60,928,3/30/2013,3/17/2019
34,929,10/17/1990,4/21/1980
5,930,2/27/1983,8/26/1989
33,931,5/14/2005,1/4/1988
9,932,11/7/1998,3/24/1986
62,933,3/1/2005,1/16/2010
49,934,1/3/2006,12/4/2008
19,935,5/26/2001,6/25/2007
8,936,8/28/2016,3/17/1986
4,937,7/14/1980,12/3/1976
6,938,7/11/2006,6/17/2019
61,939,7/23/2000,11/28/1972
28,940,8/19/1976,11/9/1976
71,941,5/31/1994,6/14/1977
71,942,5/8/1994,7/10/1981
71,943,11/17/1996,4/11/1977
26,944,11/5/2006,12/9/2006
8,945,10/20/1970,11/27/1995
64,946,8/17/1999,6/22/1988
51,947,4/16/1972,6/17/1982
26,948,7/18/1983,9/6/1978
40,949,7/7/2005,6/2/2012
63,950,11/16/1992,12/14/2015
62,951,6/10/1984,8/21/2014
7,952,4/15/2021,2/24/1984
61,953,10/15/1977,11/29/1987
53,954,4/11/1970,5/9/2004
69,955,10/7/1981,4/20/1991
40,956,3/29/2015,12/9/2010
45,957,7/1/2016,10/5/1992
22,958,6/25/2001,5/18/2017
14,959,12/19/1991,9/6/2016
35,960,4/24/2002,11/15/1987
49,961,6/3/1996,3/28/1977
69,962,8/11/2013,5/23/2001
3,963,3/26/1987,5/13/2006
1,964,9/18/2006,7/2/2019
70,965,5/1/2004,10/17/2017
28,966,8/26/1985,3/30/1985
52,967,3/31/1972,11/2/2006
40,968,10/18/2005,8/9/1988
2,969,9/5/1976,9/5/1984
11,970,9/20/1995,9/16/1972
21,971,6/15/1989,2/21/2007
33,972,11/26/1987,4/17/2020
40,973,6/11/2019,8/29/1971
6,974,7/24/1980,11/26/1996
55,975,5/31/1992,4/21/1995
15,976,9/2/2003,12/25/2002
2,977,7/26/1992,3/22/1995
1,978,11/23/2012,10/29/1997
47,979,3/18/2010,4/23/2011
16,980,11/9/2001,5/12/1995
37,981,1/23/1999,4/2/2006
55,982,12/5/1984,11/16/2007
61,983,5/10/2004,1/18/1991
65,984,2/11/2015,10/15/1997
43,985,3/8/2019,11/21/1980
1,986,7/7/1992,7/8/1974
66,987,3/23/1978,5/20/2006
18,988,4/3/2006,2/29/2000
4,989,9/4/1990,6/16/1980
59,990,8/8/1975,2/22/1980
29,991,2/25/2004,6/29/1976
17,992,1/9/1980,8/17/1973
22,993,7/13/1983,11/15/1999
66,994,3/9/1974,3/13/1985
9,995,8/24/1978,9/11/2002
12,996,5/16/1982,6/25/1982
27,997,3/14/2000,6/8/2012
12,998,9/9/2001,6/28/1996
9,999,3/20/1981,9/22/1981
42,1000,3/11/2016,10/11/1993
36,1001,3/12/1999,11/2/1981
71,1002,12/27/1973,7/12/1992
16,1003,6/14/2005,12/1/1981
37,1004,11/5/2003,7/22/1989
34,1005,8/28/1998,4/27/2004
39,1006,11/16/2002,8/28/1983
1,1007,8/3/1993,2/28/1973
37,1008,3/11/1972,10/26/1994
63,1009,5/17/2005,5/20/1985
71,1010,4/6/1982,10/18/2008
27,1011,8/30/2015,8/17/1992
29,1012,12/20/1994,6/27/1988
32,1013,1/12/1993,9/5/2007
23,1014,6/22/2003,8/11/2015
1,1015,1/30/2005,2/7/2008
19,1016,1/22/1977,8/16/2007
22,1017,10/29/1994,9/23/2009
44,1018,10/2/2002,10/19/2000
50,1019,10/23/1996,7/24/1989
69,1020,5/1/1972,12/19/1970
22,1021,9/1/1977,5/22/1982
68,1022,2/21/2006,4/10/2007
51,1023,1/5/1979,11/17/1998
38,1024,4/1/2003,8/30/1995
20,1025,4/21/1971,11/25/1983
3,1026,4/12/1984,2/1/1998
3,1027,9/28/1971,3/28/1993
71,1028,5/20/1971,11/13/2004
23,1029,6/24/2001,6/5/2019
10,1030,2/18/2011,2/4/1975
45,1031,10/10/1973,1/10/1976
54,1032,9/11/2017,8/5/2013
42,1033,4/26/1996,6/2/1994
39,1034,11/29/2013,10/16/1994
28,1035,7/27/1972,2/20/1975
55,1036,4/3/2014,1/26/1973
6,1037,4/21/1998,11/14/1999
59,1038,9/26/1975,3/24/2014
66,1039,9/9/1977,10/27/1986
34,1040,12/31/2015,1/9/2010
33,1041,9/25/1990,3/28/2021
67,1042,2/27/2000,4/24/1971
23,1043,12/24/1986,7/18/2018
3,1044,7/8/2009,6/12/1970
5,1045,3/20/1985,5/5/2014
59,1046,1/8/2016,6/20/2017
45,1047,5/19/2001,5/23/2006
6,1048,5/17/1975,10/26/1995
14,1049,3/26/1988,10/15/1990
66,1050,4/5/2016,6/19/1981
51,1051,11/30/1991,4/6/2005
20,1052,3/14/1973,2/12/2018
66,1053,3/31/1980,5/20/2017
66,1054,3/24/2021,5/8/1983
15,1055,6/19/1978,8/30/1987
27,1056,11/15/1975,4/19/2010
58,1057,8/10/1977,3/13/1999
48,1058,1/10/2008,6/27/1982
21,1059,7/10/1990,6/20/2001
11,1060,10/31/1972,4/20/2012
23,1061,8/31/1986,7/9/1977
44,1062,5/2/2006,12/20/2016
29,1063,11/25/1977,7/26/2010
50,1064,7/20/1983,5/18/2013
71,1065,11/26/1986,5/4/1988
35,1066,3/30/2017,7/7/1971
33,1067,6/20/2000,2/28/2007
66,1068,12/31/1970,5/26/1983
54,1069,8/19/1998,3/1/1975
38,1070,12/10/1993,7/27/1970
16,1071,8/25/1993,1/24/1984
29,1072,8/10/1977,8/15/1985
38,1073,8/27/2003,11/6/1983
17,1074,11/8/1991,8/13/1986
69,1075,6/28/2013,1/12/2017
25,1076,9/11/1999,11/22/1974
18,1077,4/16/1994,9/22/2001
56,1078,10/29/2015,4/11/2009
42,1079,6/13/1976,4/9/2007
44,1080,7/15/2006,11/28/1998
37,1081,7/8/2003,6/19/1990
70,1082,4/18/2002,4/14/2009
51,1083,12/5/1982,12/16/1984
71,1084,9/8/1984,12/21/2005
69,1085,12/4/2013,7/25/1986
56,1086,10/13/2013,7/26/1992
31,1087,7/17/2009,6/15/2013
63,1088,8/7/1983,2/17/2012
37,1089,4/24/2006,12/25/2004
19,1090,4/10/1991,5/12/2019
49,1091,10/26/2000,2/15/1988
46,1092,6/20/1994,11/28/1980
66,1093,12/25/2010,7/14/2013
63,1094,1/28/1993,1/29/1988
36,1095,12/22/2006,1/31/1979
15,1096,7/11/1984,3/23/2000
18,1097,1/29/2013,5/26/2005
48,1098,10/20/2005,1/25/2019
42,1099,1/6/1982,12/17/2011
52,1100,7/8/1997,4/18/1986
20,1101,10/2/1971,4/10/1999
8,1102,5/18/1994,11/20/1997
35,1103,9/16/2019,8/5/2016
20,1104,4/22/1997,3/31/2001
16,1105,4/12/1987,11/11/2011
16,1106,7/1/1971,5/16/1976
12,1107,2/5/2001,4/5/1985
30,1108,1/23/2015,11/21/1994
3,1109,8/29/1986,6/2/2015
49,1110,5/23/1996,11/26/1982
55,1111,6/11/2002,11/8/2016
63,1112,10/22/1984,8/26/2005
60,1113,2/24/1989,4/16/2013
39,1114,11/22/1971,5/10/2020
9,1115,1/17/2006,4/23/1975
34,1116,5/5/1988,12/16/1978
65,1117,1/20/2009,5/6/1984
18,1118,3/29/2001,12/23/1983
49,1119,8/20/1985,8/31/1977
13,1120,11/9/1973,12/19/1982
66,1121,8/7/2010,3/9/1980
47,1122,11/4/2011,6/19/2008
22,1123,8/2/2001,3/5/2013
53,1124,1/23/1989,5/30/1973
56,1125,4/24/1972,5/15/2011
30,1126,4/19/1980,10/15/2005
6,1127,2/22/1988,12/13/2003
24,1128,11/20/2003,2/27/1984
51,1129,2/5/1975,10/13/2019
57,1130,1/28/2019,11/16/1975
18,1131,11/30/2006,8/8/1996
63,1132,3/27/1970,1/5/2011
5,1133,10/10/2006,10/19/1981
62,1134,9/23/1997,3/20/1972
54,1135,3/2/1973,4/16/2020
11,1136,1/20/2007,8/11/1971
4,1137,3/31/1972,7/30/1995
8,1138,2/26/1997,1/3/1972
47,1139,8/25/1989,6/8/1987
45,1140,10/1/1977,5/29/1984
3,1141,9/7/1994,3/3/1983
3,1142,6/4/1997,6/20/1980
46,1143,7/23/1974,8/7/2001
22,1144,5/3/2015,7/3/1997
46,1145,9/26/2004,6/21/1974
46,1146,4/17/1983,5/15/2007
21,1147,9/5/2018,5/13/1992
13,1148,1/31/1980,2/27/1992
49,1149,10/15/1999,1/30/1995
63,1150,11/5/2008,5/30/2017
57,1151,5/17/1979,4/25/1976
12,1152,6/19/1979,10/14/2006
49,1153,4/23/2008,7/12/1994
25,1154,5/8/1974,1/16/1974
2,1155,9/6/2006,1/13/2008
55,1156,11/3/1982,5/22/1997
41,1157,5/19/2011,11/9/2008
58,1158,12/15/2008,1/4/1998
62,1159,3/7/1989,4/1/1981
49,1160,10/28/1982,9/18/1985
16,1161,3/17/2000,5/17/1983
43,1162,10/25/2007,5/16/1970
71,1163,2/23/2002,11/3/1981
2,1164,3/28/1974,12/9/1995
48,1165,4/30/1981,5/29/1970
20,1166,8/31/1979,5/26/2005
57,1167,6/29/2014,5/23/2019
42,1168,10/26/2019,11/9/1971
60,1169,5/19/2011,2/7/1978
4,1170,3/8/1971,11/16/2010
15,1171,2/10/1973,12/20/1996
18,1172,4/6/2019,4/25/1977
52,1173,3/23/2007,5/25/1973
27,1174,5/23/1998,9/5/1971
48,1175,12/18/1984,4/4/2017
63,1176,8/1/1999,10/22/1980
58,1177,7/28/2008,1/3/2012
9,1178,9/20/1996,6/20/1991
68,1179,6/13/2010,10/24/1973
35,1180,10/6/2008,6/24/2009
15,1181,3/17/1996,1/22/1991
48,1182,9/5/1994,1/10/2019
31,1183,11/26/2015,6/10/2006
20,1184,5/5/1995,4/30/2002
54,1185,10/27/2004,11/15/2008
11,1186,6/27/1987,3/7/2011
55,1187,12/11/1987,11/20/1994
71,1188,6/1/2019,5/7/1980
49,1189,8/27/2009,6/9/1988
6,1190,8/3/2008,11/19/1980
18,1191,8/26/2000,2/1/1998
28,1192,3/4/1998,6/15/2005
40,1193,9/7/2020,9/1/1970
35,1194,12/23/1990,8/9/1979
44,1195,8/1/2012,4/6/2019
39,1196,10/6/1990,3/16/2014
22,1197,5/6/1981,6/13/2012
63,1198,10/14/2014,10/10/1991
40,1199,7/19/1991,3/24/1992
30,1200,12/6/2020,8/9/1984
6,1201,11/27/1990,7/6/1986
53,1202,3/11/1983,2/15/2018
24,1203,2/23/1991,2/12/2009
43,1204,11/25/1983,1/2/1987
29,1205,11/20/1995,4/27/1975
24,1206,6/4/2014,11/5/1994
2,1207,9/27/1992,10/20/2002
40,1208,7/11/2018,12/30/2007
61,1209,12/6/1971,9/2/2015
2,1210,9/13/2006,8/12/2012
28,1211,12/31/1974,12/31/1976
33,1212,11/13/1989,8/26/1984
35,1213,5/31/1990,6/17/1976
46,1214,12/31/2004,9/19/1981
30,1215,11/15/1988,7/9/1993
33,1216,1/4/2000,5/16/2007
55,1217,2/25/2006,10/31/2017
34,1218,5/29/1973,9/20/2013
30,1219,12/13/2006,6/7/1985
33,1220,11/29/2005,8/17/1989
22,1221,4/9/1988,9/25/2013
32,1222,1/13/1974,12/10/1978
55,1223,9/22/2008,5/6/2003
46,1224,8/31/2020,3/17/2015
17,1225,1/23/1977,8/13/2009
25,1226,8/2/1995,3/16/1982
25,1227,1/30/2001,3/25/2003
7,1228,10/16/2011,12/20/1991
10,1229,5/7/1978,11/12/1982
33,1230,8/28/1978,8/1/2007
12,1231,8/28/2007,2/4/1987
51,1232,10/11/1995,5/19/1999
22,1233,4/16/2009,12/12/1977
47,1234,5/20/1991,5/28/1976
26,1235,12/29/1999,12/18/1997
18,1236,11/27/2016,7/17/2016
13,1237,4/18/2006,1/5/2002
48,1238,2/13/1980,5/10/1977
68,1239,10/12/1971,6/6/1998
5,1240,1/31/1975,7/11/2001
65,1241,2/2/2014,11/26/1993
12,1242,12/14/2010,3/22/2008
42,1243,5/22/1975,11/26/1971
18,1244,8/17/2019,6/8/1973
50,1245,9/13/1988,6/8/2001
19,1246,8/15/2006,1/9/1987
23,1247,4/29/1981,7/7/2016
65,1248,11/19/1976,9/1/2010
69,1249,8/24/2008,8/26/2006
36,1250,3/6/2004,6/15/1989
36,1251,12/10/1979,1/26/1999
30,1252,8/1/2017,4/22/2005
52,1253,9/2/1990,11/18/1997
42,1254,11/8/2019,5/5/1996
54,1255,7/22/1999,6/28/2010
5,1256,6/3/1996,1/25/1976
54,1257,3/23/2007,1/16/1985
36,1258,9/15/2004,7/19/1986
29,1259,5/3/1979,11/16/1970
61,1260,3/31/1996,6/23/1976
10,1261,2/27/1976,11/7/1987
65,1262,4/8/1975,7/2/2018
24,1263,1/23/1983,4/23/1973
55,1264,9/5/1981,3/25/1993
53,1265,5/15/1978,11/25/2007
13,1266,6/1/1970,6/15/1990
52,1267,6/25/2017,9/14/1970
20,1268,6/7/1974,9/7/1986
11,1269,9/17/1975,12/16/2011
4,1270,4/11/2020,10/14/1997
34,1271,9/21/2008,2/8/2007
60,1272,8/19/1993,7/16/2011
6,1273,6/2/1985,4/22/1991
32,1274,11/14/2014,2/27/1993
22,1275,1/14/1978,10/26/1983
30,1276,5/27/2014,3/20/2014
69,1277,12/11/1986,6/17/2014
50,1278,1/26/1985,3/7/1976
68,1279,2/13/1974,8/15/2011
43,1280,11/22/2019,2/7/1996
16,1281,4/7/2020,12/28/1987
24,1282,12/17/1984,3/6/1973
23,1283,9/9/1973,7/22/1986
23,1284,4/2/1992,6/10/2007
26,1285,11/2/2003,8/19/1970
52,1286,2/22/1987,2/6/1991
15,1287,10/10/1992,8/24/2012
12,1288,4/22/2000,2/27/1971
29,1289,3/28/2016,2/10/2012
28,1290,2/9/2009,3/1/2015
27,1291,4/22/1994,4/8/1986
29,1292,12/25/2008,4/8/1991
69,1293,1/25/1998,10/3/1999
25,1294,7/21/1990,9/13/1971
36,1295,7/1/1994,2/23/1975
68,1296,7/15/1976,6/10/2000
40,1297,4/22/2002,2/14/2018
44,1298,11/19/1999,8/7/2010
64,1299,3/18/1983,10/17/2020
50,1300,11/24/1991,12/8/2011
67,1301,7/18/1994,1/15/2019
66,1302,11/15/1998,5/15/1985
27,1303,11/9/2002,2/10/1979
55,1304,11/26/1994,7/8/1999
4,1305,1/3/1997,9/26/2015
70,1306,8/12/1981,10/7/2008
54,1307,9/5/2002,10/22/1973
24,1308,2/5/2009,7/8/1974
19,1309,11/14/2003,12/18/1972
57,1310,12/15/2003,10/24/1988
15,1311,5/25/1986,1/17/2021
30,1312,11/11/1979,9/7/1998
4,1313,11/14/2007,7/16/1984
26,1314,1/23/2012,7/3/2000
66,1315,10/8/1996,7/14/1997
51,1316,7/29/1996,7/8/2000
59,1317,4/19/1984,11/24/1972
58,1318,1/12/2012,7/17/1975
51,1319,5/17/2019,1/3/1970
41,1320,6/14/1997,12/26/2001
11,1321,12/13/1979,1/22/1972
10,1322,4/29/2006,4/21/2013
46,1323,12/12/1997,6/3/1997
24,1324,8/30/2002,4/25/1989
34,1325,12/12/2001,11/8/2009
43,1326,10/24/2010,3/10/1979
30,1327,6/2/2003,6/4/2001
3,1328,11/2/1985,10/6/2012
39,1329,8/4/1979,5/13/1992
11,1330,5/6/1997,8/24/2010
43,1331,9/30/1993,10/16/1970
50,1332,4/9/2009,4/6/1970
20,1333,3/19/1973,12/4/1984
41,1334,1/26/2003,3/12/1998
13,1335,4/22/2015,5/6/1987
12,1336,1/9/2020,7/13/2003
56,1337,9/14/2004,4/20/2011
1,1338,1/15/2012,1/27/1993
56,1339,4/13/2017,8/18/2000
26,1340,9/18/2012,9/18/1994
41,1341,12/22/1993,8/25/1988
4,1342,10/28/2000,12/10/2011
21,1343,5/15/1974,11/12/2001
60,1344,9/28/1992,11/26/2002
11,1345,5/14/1998,4/5/1985
71,1346,10/2/1976,2/9/2001
15,1347,5/10/1990,11/9/1982
2,1348,3/14/2003,2/10/2013
11,1349,7/16/1996,6/23/1974
28,1350,5/15/1970,8/31/1983
59,1351,6/12/2003,8/15/1999
59,1352,12/20/1980,12/8/1970
17,1353,4/17/1990,2/1/2000
60,1354,11/7/1983,1/2/2017
21,1355,8/12/2006,11/28/1985
68,1356,12/31/2015,10/26/1992
20,1357,12/17/1986,3/2/1997
60,1358,4/21/2009,9/3/1975
20,1359,11/26/1970,2/27/1992
63,1360,2/27/2002,1/7/2017
9,1361,4/21/2013,5/12/1981
60,1362,10/22/1977,12/23/1979
15,1363,7/3/1973,3/26/1982
57,1364,5/12/1983,12/29/1985
21,1365,1/31/2021,7/4/1979
13,1366,8/5/2003,7/3/2019
70,1367,4/23/2005,6/8/2020
12,1368,12/25/1997,10/3/1996
36,1369,10/26/1984,4/15/2019
13,1370,1/21/2010,3/29/1977
54,1371,11/11/2013,11/12/1985
20,1372,6/28/2015,10/13/1993
9,1373,11/21/2017,1/30/2007
35,1374,9/20/1972,3/27/2006
42,1375,11/3/1970,11/10/2005
42,1376,12/20/1973,6/22/2007
45,1377,11/7/2001,11/8/2012
62,1378,1/21/1980,10/29/1998
39,1379,11/29/1970,9/18/1998
21,1380,10/9/2018,12/8/1971
43,1381,8/8/2014,10/30/1978
19,1382,11/16/2008,4/27/2011
39,1383,7/12/2015,12/22/2016
16,1384,12/22/1977,6/7/1995
54,1385,3/8/1991,5/6/1973
1,1386,6/5/1980,6/28/1993
53,1387,5/25/2009,2/17/1985
23,1388,11/16/1974,7/1/1994
46,1389,1/18/2010,9/12/2002
26,1390,4/21/1973,12/24/2000
63,1391,12/3/1975,8/31/1971
67,1392,4/13/1979,12/13/2004
64,1393,10/8/1987,1/21/1985
42,1394,8/17/1995,8/15/2017
47,1395,12/30/1996,4/11/1974
40,1396,12/25/2014,12/2/2010
31,1397,12/12/1974,12/6/1981
9,1398,12/18/1974,4/7/1985
20,1399,12/29/1992,10/31/2015
59,1400,6/25/2005,12/6/2007
12,1401,4/5/1981,4/4/1984
28,1402,10/15/2019,2/22/1979
23,1403,1/16/2012,5/13/1998
40,1404,8/18/1991,6/9/1985
67,1405,4/5/1978,8/30/2020
38,1406,10/3/1998,6/16/1995
36,1407,6/3/1982,3/7/2017
26,1408,1/28/1976,9/6/2020
61,1409,12/28/2002,7/13/2003
56,1410,6/26/1972,2/6/1985
37,1411,2/24/1990,5/24/2012
50,1412,2/27/1977,5/4/2001
23,1413,2/10/2002,2/5/2018
1,1414,2/11/2001,6/27/1993
40,1415,6/18/1979,10/22/1996
27,1416,12/16/2006,3/7/2002
43,1417,5/27/1976,10/8/1985
27,1418,4/21/1991,7/26/2010
33,1419,3/11/1971,5/6/1992
14,1420,11/25/2008,2/14/2019
16,1421,7/12/2019,9/25/1992
20,1422,1/22/1974,12/10/1994
47,1423,6/27/1984,5/15/2003
36,1424,5/13/2000,11/16/1996
31,1425,3/15/1973,5/23/2004
69,1426,4/1/1992,3/23/2015
46,1427,7/16/1975,9/23/2020
65,1428,6/12/1970,6/22/1985
14,1429,4/1/2005,12/21/2005
62,1430,8/7/1977,10/8/1976
16,1431,2/23/1989,7/14/1992
54,1432,10/24/2005,6/7/2006
56,1433,7/22/2002,3/19/1996
16,1434,8/3/2019,10/19/1978
17,1435,2/15/1970,11/14/1997
66,1436,2/9/1990,10/20/2015
56,1437,5/11/1991,11/15/1999
44,1438,9/28/1984,12/29/2016
70,1439,9/30/2000,3/21/2018
18,1440,3/17/2004,6/22/2014
49,1441,12/14/1985,5/22/1977
18,1442,6/17/2009,3/16/1972
23,1443,12/25/2018,5/15/2018
24,1444,6/25/1986,5/10/1990
46,1445,10/8/2016,2/19/2013
35,1446,10/31/1986,6/27/2005
8,1447,11/26/1992,5/3/1995
52,1448,2/17/1976,12/3/2015
28,1449,10/1/1999,2/14/1998
63,1450,9/24/1976,2/4/2000
62,1451,5/29/2007,8/4/1972
36,1452,2/1/1994,2/20/2015
35,1453,3/27/1988,8/18/1976
45,1454,3/4/1990,7/8/1979
53,1455,12/24/2018,10/8/2018
34,1456,12/24/2006,4/10/1972
36,1457,8/4/2001,4/4/1973
66,1458,3/14/1993,11/10/2005
18,1459,8/25/1978,5/30/2003
28,1460,11/21/1997,6/24/1998
53,1461,1/14/2016,6/28/1977
61,1462,8/30/1972,10/21/1971
61,1463,7/27/1987,1/12/1972
62,1464,12/13/2013,12/3/1997
55,1465,10/2/1991,7/26/2013
44,1466,5/26/1986,10/27/2004
19,1467,11/24/2011,2/7/2012
63,1468,1/8/2020,10/9/2019
37,1469,4/14/2016,8/28/1985
28,1470,3/13/1973,7/16/2017
56,1471,6/19/2014,6/12/2018
2,1472,9/7/1979,7/21/2007
45,1473,2/7/1985,9/17/1997
18,1474,8/18/1976,6/22/1996
66,1475,9/26/1973,12/9/2008
59,1476,8/9/1977,10/29/1997
16,1477,9/16/2007,8/9/2002
51,1478,10/17/2016,1/25/2018
39,1479,8/19/2009,7/25/1997
66,1480,5/14/1973,5/14/1973
40,1481,11/9/2017,3/9/1978
71,1482,3/23/1971,1/20/1983
9,1483,6/7/1975,5/4/1990
47,1484,5/30/2012,9/28/2013
22,1485,9/14/1979,8/6/2009
50,1486,1/15/1994,6/18/1991
14,1487,7/31/1999,3/16/1976
22,1488,3/19/1982,2/20/2012
26,1489,9/18/1988,5/13/2010
22,1490,10/12/1998,5/6/1994
30,1491,7/4/2005,8/6/2001
71,1492,5/20/1985,9/30/1974
9,1493,12/11/2011,10/12/1976
28,1494,4/9/1984,8/3/2000
46,1495,12/28/1981,3/21/1985
19,1496,12/31/1998,9/2/2008
67,1497,4/2/1975,5/4/2010
7,1498,8/8/1975,12/7/1997
47,1499,2/13/1980,8/29/2003
56,1500,4/1/1994,4/6/1991
10,1501,2/13/1991,3/16/1987
37,1502,6/29/2013,9/18/2017
23,1503,7/8/1981,6/14/1980
42,1504,7/30/2001,12/25/2007
17,1505,3/14/1998,8/19/2008
60,1506,2/24/1978,9/11/1986
7,1507,4/17/1982,4/15/2003
55,1508,10/10/1972,7/29/2015
46,1509,11/28/1990,3/20/1979
38,1510,1/6/1989,12/13/1985
24,1511,2/12/1997,2/4/1998
63,1512,6/27/1982,8/22/1982
47,1513,3/17/2002,2/3/1999
55,1514,2/18/2007,12/19/2005
3,1515,1/12/1970,4/8/1971
56,1516,9/3/2019,2/3/1984
31,1517,9/11/1985,1/18/2016
13,1518,12/27/1996,5/8/2000
64,1519,9/15/1983,11/5/1983
25,1520,12/20/1986,7/18/1996
53,1521,2/11/1998,5/13/1994
21,1522,6/22/1970,2/27/2000
16,1523,11/27/2010,5/27/2009
28,1524,11/26/1981,5/14/2012
43,1525,8/12/1973,11/12/2005
52,1526,6/14/1990,6/22/1995
35,1527,4/28/2012,4/19/1973
23,1528,5/6/2012,4/11/2007
8,1529,12/17/1993,5/30/2009
19,1530,8/27/1992,7/27/2018
33,1531,6/12/1972,6/28/1979
9,1532,11/27/2018,6/18/1987
51,1533,3/4/1982,9/1/2011
43,1534,5/11/2011,3/4/2016
51,1535,6/19/1993,4/19/2013
64,1536,11/28/1990,5/4/2012
30,1537,12/16/1977,3/3/2014
45,1538,6/29/1993,10/14/1993
63,1539,11/21/1988,6/11/1993
27,1540,2/28/1971,1/28/2001
51,1541,4/27/1972,4/2/1994
63,1542,3/28/1992,1/3/2003
41,1543,3/31/1995,12/17/1982
35,1544,7/26/1976,11/8/2017
63,1545,2/21/1983,9/21/1986
42,1546,7/1/1983,5/13/1973
10,1547,2/25/1979,5/28/1994
44,1548,8/13/1977,7/23/2019
71,1549,12/25/1980,4/17/1971
56,1550,7/23/2004,11/17/2018
55,1551,4/26/2011,5/19/2014
5,1552,8/21/2007,9/25/1991
41,1553,8/26/1981,11/23/2017
38,1554,1/23/2012,1/4/2007
13,1555,8/24/1998,2/14/1973
60,1556,8/15/1993,1/23/2005
17,1557,11/1/1993,5/31/2005
5,1558,11/11/1974,5/14/1990
35,1559,4/10/1980,6/22/2005
69,1560,3/19/2020,2/23/1975
2,1561,1/27/2019,3/16/2012
34,1562,3/14/2021,9/18/2006
55,1563,7/7/1993,11/30/2009
31,1564,10/9/2009,7/29/1980
18,1565,10/18/1976,7/2/1977
21,1566,2/12/2011,8/19/2017
1,1567,9/1/1974,5/13/1994
33,1568,4/10/2010,10/23/1985
40,1569,12/1/2000,6/7/1976
60,1570,7/7/2018,8/27/2007
41,1571,4/24/1975,8/23/2019
18,1572,1/2/1982,6/21/1978
13,1573,8/29/2012,10/2/1973
10,1574,8/4/2014,9/3/1996
51,1575,11/28/2002,1/1/1976
19,1576,12/7/1984,4/6/2003
51,1577,5/23/2017,1/17/2016
44,1578,11/5/1989,3/17/1976
62,1579,7/20/2000,6/18/2006
57,1580,6/23/1978,5/19/1985
36,1581,12/18/1978,2/21/1974
43,1582,11/17/2014,2/13/1974
63,1583,12/23/1983,5/24/2016
36,1584,10/13/1998,1/26/1991
5,1585,10/14/1992,3/31/2015
54,1586,10/20/2010,10/15/2000
6,1587,4/17/1995,7/14/1994
58,1588,6/7/1975,3/28/2012
11,1589,11/16/2010,1/4/1987
55,1590,8/20/1973,8/13/2005
66,1591,3/8/1973,9/1/1996
29,1592,11/21/2007,6/22/1973
6,1593,4/4/1995,3/4/2006
36,1594,4/3/1999,3/27/2010
59,1595,2/6/2007,11/29/1986
69,1596,7/13/1986,9/1/1994
69,1597,7/25/1977,3/15/1992
18,1598,5/27/2004,5/14/2000
64,1599,1/8/2002,10/20/1998
65,1600,8/28/2006,12/18/1972
67,1601,12/20/1970,7/30/1999
48,1602,9/30/1996,9/20/1987
40,1603,4/16/1988,11/8/1999
56,1604,2/22/2005,3/18/1974
41,1605,8/24/1971,5/1/2000
20,1606,3/14/1979,2/18/1975
9,1607,2/14/2005,9/30/2002
67,1608,5/28/1978,7/10/2004
47,1609,3/26/1982,6/15/1986
44,1610,8/20/1999,6/14/1973
43,1611,12/5/1989,11/2/2020
28,1612,3/26/1989,6/5/1977
28,1613,4/11/1980,7/18/1974
17,1614,12/25/1992,1/11/1981
68,1615,9/29/1983,1/25/1998
42,1616,1/18/1994,1/24/1990
22,1617,4/17/2008,5/16/2002
58,1618,6/21/2003,4/23/2010
60,1619,1/23/2017,1/11/2007
34,1620,6/5/1973,7/23/2015
53,1621,10/9/1975,5/11/1971
28,1622,1/25/1981,5/29/1980
66,1623,6/9/2000,3/29/1984
20,1624,2/23/2017,1/15/2010
22,1625,10/27/1986,4/22/1987
19,1626,4/3/1992,1/15/1970
65,1627,8/4/1991,7/15/1975
37,1628,1/9/1994,4/13/1981
67,1629,12/8/1976,10/18/2008
43,1630,1/8/2012,7/8/1974
40,1631,5/29/1973,10/16/1998
23,1632,10/11/1973,10/26/1979
5,1633,7/22/1983,7/19/1985
20,1634,12/9/2006,1/18/2016
38,1635,10/16/1976,10/24/2006
25,1636,10/9/1974,3/15/2009
5,1637,8/30/1978,5/16/1997
22,1638,11/14/1991,1/27/1976
50,1639,6/2/2020,3/16/1994
33,1640,10/16/1974,11/22/1972
68,1641,10/2/2004,5/4/1971
16,1642,5/11/1995,9/29/1974
18,1643,2/21/2019,2/23/2021
12,1644,1/7/1992,2/1/1978
58,1645,10/6/2000,7/3/1996
17,1646,4/3/2017,5/3/2012
20,1647,1/25/1998,12/18/1971
21,1648,4/28/2000,7/12/2015
45,1649,1/8/1971,2/25/1992
17,1650,2/5/2012,10/17/2008
4,1651,8/30/2002,3/25/1984
50,1652,1/7/1970,12/13/1974
11,1653,2/7/1994,10/23/1974
40,1654,3/11/1973,10/3/2003
45,1655,8/6/1986,10/5/2019
67,1656,4/25/2004,7/8/2010
23,1657,8/8/2019,9/14/1993
40,1658,4/17/2018,7/1/1971
16,1659,4/15/2018,6/11/1994
38,1660,4/14/2000,6/3/1982
12,1661,5/9/1978,1/14/1997
42,1662,9/9/2002,4/6/1982
37,1663,9/30/2017,1/18/2011
25,1664,1/13/2014,4/16/1993
61,1665,12/8/2020,3/31/1990
3,1666,8/8/2006,1/20/2019
20,1667,10/1/2007,2/28/1985
47,1668,11/28/2003,1/29/1972
64,1669,7/9/2009,4/8/1987
28,1670,6/6/1985,4/16/1970
69,1671,3/17/1998,5/2/1995
42,1672,6/19/1989,6/19/2006
49,1673,8/1/2006,6/22/1991
55,1674,8/29/1990,4/23/1987
19,1675,8/1/1993,4/9/2020
11,1676,8/29/1987,7/14/1986
32,1677,11/16/1971,5/25/2019
27,1678,6/10/2017,2/6/1985
64,1679,11/22/1987,11/7/1972
45,1680,3/29/1976,6/17/1978
60,1681,1/29/1990,11/28/1994
12,1682,5/21/1988,1/31/1988
12,1683,4/24/1994,5/5/2008
39,1684,6/12/1971,12/4/1993
45,1685,10/6/2002,5/19/1975
50,1686,9/24/2007,3/26/1990
29,1687,6/12/1984,4/6/2020
69,1688,9/23/2014,6/13/1993
62,1689,8/2/2019,6/4/2005
11,1690,10/18/2008,8/20/2007
44,1691,8/29/1974,12/4/2005
22,1692,3/3/1987,8/6/1972
69,1693,9/5/1980,11/13/1994
60,1694,5/16/2019,3/9/1994
4,1695,9/28/2012,2/3/1981
55,1696,5/4/1976,1/16/2011
10,1697,12/17/1971,5/28/2001
56,1698,2/25/2018,6/29/1985
15,1699,5/13/1998,5/5/1983
24,1700,10/9/1990,7/20/1994
16,1701,6/4/1999,8/14/2013
56,1702,6/23/2003,1/24/1977
28,1703,7/19/1998,10/15/2016
27,1704,6/24/2005,11/30/2016
29,1705,10/10/2005,9/9/2012
61,1706,8/30/2020,5/6/2017
60,1707,9/9/2000,5/1/1981
68,1708,4/13/1982,4/10/1984
46,1709,5/29/1991,8/24/2009
34,1710,2/14/2012,6/8/1971
40,1711,5/6/1996,8/30/2012
30,1712,4/2/2003,8/12/2002
42,1713,10/25/2019,11/3/1994
44,1714,1/16/2018,2/11/1973
20,1715,5/12/1998,2/4/1972
39,1716,10/1/2004,3/25/1997
65,1717,8/21/1970,2/23/2000
32,1718,9/24/1981,6/15/1979
69,1719,10/17/1997,3/9/1999
53,1720,7/8/2004,11/19/1971
49,1721,9/9/1990,2/27/1995
55,1722,1/8/1979,4/21/2017
38,1723,8/13/2002,6/7/2005
20,1724,11/6/1988,10/22/2017
64,1725,4/9/1976,12/29/2002
8,1726,7/26/1989,4/22/2018
19,1727,1/10/1981,5/25/1991
39,1728,8/22/2016,12/25/1986
48,1729,7/20/1995,8/17/1988
10,1730,6/27/2014,12/1/1988
52,1731,10/9/1982,7/30/2019
44,1732,10/23/2002,9/14/1994
33,1733,11/3/1986,8/23/1987
21,1734,5/16/1979,6/14/1989
25,1735,12/26/1977,6/21/1972
47,1736,3/29/1999,11/8/1992
8,1737,3/2/1971,3/26/1984
36,1738,9/26/1980,7/30/2020
55,1739,2/2/2005,12/16/2011
71,1740,4/9/1986,9/4/2015
32,1741,2/9/2019,11/15/2013
58,1742,3/4/2018,3/2/1993
5,1743,4/21/1972,7/5/1978
67,1744,12/15/2014,11/22/2007
32,1745,4/7/1991,12/27/2011
1,1746,4/22/1990,8/10/1988
32,1747,8/10/1985,12/10/2000
11,1748,6/24/2001,4/9/2015
63,1749,5/12/2009,1/27/2009
42,1750,6/28/1986,3/29/1979
5,1751,2/25/1995,11/29/1972
6,1752,6/14/1970,4/24/1975
53,1753,9/21/1984,2/26/1994
10,1754,8/22/1973,5/8/2004
21,1755,11/4/1982,2/5/2015
56,1756,4/26/2021,2/1/1975
27,1757,6/19/1989,3/1/2005
8,1758,6/25/2016,2/29/1984
40,1759,10/7/1979,11/24/1974
28,1760,1/30/2000,12/21/2001
58,1761,7/5/2004,6/26/1982
36,1762,1/20/1976,9/3/2016
64,1763,5/25/1987,11/28/1993
52,1764,5/30/2018,1/12/1984
38,1765,5/28/1983,1/19/1986
58,1766,7/17/1984,11/27/1983
37,1767,10/2/1983,2/16/2017
38,1768,1/31/2019,1/9/2016
18,1769,2/2/1975,11/14/1997
37,1770,9/4/1971,8/13/2020
30,1771,2/19/1993,6/27/2014
66,1772,9/10/1981,9/15/2001
60,1773,10/1/1983,3/5/1990
50,1774,5/15/1998,10/5/2019
51,1775,9/24/1992,11/15/1999
45,1776,8/3/1995,3/6/1996
2,1777,3/2/2012,5/8/1996
5,1778,1/11/2010,6/29/1976
39,1779,10/19/1973,1/23/2003
17,1780,2/13/2004,1/13/1971
28,1781,3/5/2005,7/14/1970
51,1782,8/26/1975,11/15/1990
43,1783,8/5/2003,3/24/1992
9,1784,1/21/2003,4/13/2013
71,1785,6/26/1973,1/24/2014
54,1786,5/15/2009,7/5/2005
64,1787,7/8/2005,2/4/2006
58,1788,2/5/1981,12/8/2004
21,1789,8/14/1986,9/26/2015
19,1790,7/6/2020,3/28/1979
16,1791,5/29/1981,5/5/1975
70,1792,3/27/1994,6/14/2013
25,1793,2/1/2020,11/22/1984
68,1794,10/14/1971,1/15/2014
52,1795,6/20/1991,2/9/2013
42,1796,6/1/1977,9/4/2019
55,1797,1/31/2002,9/12/1981
68,1798,2/25/1990,3/14/2009
7,1799,8/28/2002,1/13/2011
31,1800,10/26/1986,1/15/1974
54,1801,8/31/1994,8/18/1976
44,1802,5/7/1977,2/10/1975
8,1803,5/9/2015,3/31/1979
26,1804,2/13/2005,9/8/1976
45,1805,3/16/2013,7/12/1974
52,1806,6/19/1992,5/9/1993
33,1807,6/8/1974,8/3/1995
36,1808,6/4/2007,4/17/1988
22,1809,7/18/1970,12/28/1984
20,1810,1/22/2021,4/1/1972
36,1811,4/15/1975,1/2/1975
19,1812,9/4/2007,1/21/1980
63,1813,11/25/2007,10/27/2006
70,1814,7/1/2002,11/21/2008
59,1815,12/21/1984,11/2/2018
42,1816,12/26/1973,12/23/1976
68,1817,12/2/1989,8/24/1985
8,1818,9/16/2006,11/13/2019
71,1819,3/16/1981,1/8/1972
24,1820,8/27/2000,3/8/1992
59,1821,3/10/1980,8/30/2007
17,1822,12/17/1993,5/14/1996
50,1823,9/10/2008,5/26/1980
37,1824,2/8/1989,9/6/2007
59,1825,7/22/1985,12/10/1980
28,1826,12/14/1971,4/7/1989
55,1827,11/23/2017,7/12/1981
31,1828,1/27/1989,1/25/1987
57,1829,8/23/2014,1/21/1994
30,1830,1/24/1994,7/3/2017
64,1831,3/10/2012,3/6/2009
55,1832,2/26/2004,3/6/2011
41,1833,9/12/2003,7/22/2003
69,1834,8/8/2010,8/31/1988
42,1835,4/25/1996,4/20/2019
8,1836,10/24/2014,2/21/1980
39,1837,4/25/1984,6/1/1975
4,1838,8/1/2004,2/19/1991
23,1839,8/6/1981,6/10/2018
65,1840,6/3/1973,5/10/2005
61,1841,10/4/2001,5/3/2014
15,1842,9/27/2013,7/26/1980
48,1843,5/19/1981,11/21/1974
13,1844,11/22/1996,3/31/2011
30,1845,6/4/2005,1/30/1988
56,1846,4/2/1976,11/23/1985
12,1847,10/10/2003,9/12/1971
8,1848,3/13/1973,6/9/1992
1,1849,10/1/2002,9/15/2013
18,1850,9/23/1989,11/26/1986
57,1851,1/27/2019,4/7/2014
51,1852,8/23/1996,5/7/1996
43,1853,4/5/1975,5/7/1996
2,1854,6/9/1986,2/8/2001
65,1855,9/6/1992,9/8/1997
33,1856,10/16/1989,9/2/1977
65,1857,1/15/2016,2/25/1987
38,1858,11/11/1982,7/6/1975
42,1859,11/13/2008,2/25/1980
71,1860,3/18/2020,8/30/2007
46,1861,2/13/2012,3/4/1978
55,1862,6/4/2010,1/9/1987
10,1863,6/12/1988,1/22/2006
58,1864,6/16/1996,9/3/2011
32,1865,6/1/1974,3/15/1976
65,1866,12/24/2016,4/18/1993
66,1867,10/2/2009,8/13/2000
50,1868,3/11/2010,8/17/1978
47,1869,3/8/2011,4/6/2013
68,1870,5/8/1985,12/10/1987
71,1871,6/16/1992,8/28/1971
47,1872,10/23/2002,5/4/2013
16,1873,7/4/1988,11/4/1981
65,1874,1/11/2018,12/13/1997
24,1875,1/12/2012,3/8/1997
23,1876,6/15/1986,9/23/1983
37,1877,12/16/1995,3/17/1997
47,1878,7/7/1980,11/2/2007
23,1879,2/15/2007,6/12/1993
67,1880,8/4/2015,5/17/2016
59,1881,11/12/2008,11/15/2013
15,1882,12/8/1990,3/21/2014
25,1883,10/20/1999,12/30/1979
35,1884,4/16/2016,4/16/1997
61,1885,3/1/1978,1/9/1999
47,1886,11/30/2014,5/30/1980
65,1887,4/26/1972,4/22/2012
8,1888,8/27/1993,6/14/1997
43,1889,5/23/2011,11/14/2003
15,1890,9/8/1990,7/6/2007
35,1891,11/13/1995,5/20/2017
44,1892,11/10/2018,12/13/1975
8,1893,10/3/2012,2/14/1975
66,1894,7/3/2020,7/23/1992
42,1895,3/17/2005,10/14/1985
71,1896,5/29/1990,12/6/1979
67,1897,5/15/2016,9/18/1994
62,1898,7/16/2003,5/22/1982
4,1899,12/30/1990,11/2/1982
40,1900,2/24/1980,1/6/1973
39,1901,1/3/1973,8/30/1994
41,1902,9/18/2005,12/3/1984
7,1903,1/2/1972,1/7/1982
70,1904,1/19/2017,4/25/2013
29,1905,11/4/2002,5/30/1977
30,1906,2/13/1977,10/18/1975
50,1907,9/7/1984,8/29/2014
68,1908,4/13/1986,11/6/1981
37,1909,5/11/1984,11/12/1997
22,1910,4/30/1988,10/17/2015
66,1911,3/30/1974,3/14/2010
44,1912,10/31/1993,11/12/1997
40,1913,4/6/1973,6/7/2007
26,1914,3/25/2004,9/8/2000
59,1915,6/7/1970,12/10/2003
40,1916,2/16/2005,11/30/1972
50,1917,2/24/1973,8/30/1996
71,1918,9/25/1985,4/7/1987
36,1919,1/6/1975,9/1/2018
24,1920,1/6/1993,12/14/2006
42,1921,7/24/2003,3/30/2018
44,1922,5/3/2012,6/10/2006
68,1923,3/25/1972,5/3/1979
70,1924,1/4/2003,2/10/2010
65,1925,3/15/1989,5/6/1993
20,1926,1/3/1980,1/17/1998
9,1927,12/10/2015,4/28/1998
30,1928,9/11/2014,6/28/2007
69,1929,1/17/1979,4/2/2011
41,1930,3/14/2008,3/7/2011
52,1931,2/10/1986,11/21/1999
14,1932,12/6/2001,10/4/1984
9,1933,7/26/1992,7/22/1974
60,1934,2/29/1992,1/5/1988
27,1935,5/1/1988,1/3/1983
28,1936,2/8/1980,11/15/1985
35,1937,2/12/1995,1/26/1980
34,1938,3/22/2010,1/15/2011
28,1939,3/16/2005,7/28/1988
62,1940,4/9/2009,2/13/1971
11,1941,5/26/2019,11/15/1992
15,1942,5/31/2003,12/20/1974
51,1943,4/28/1989,3/23/1970
68,1944,4/25/2017,7/31/1980
25,1945,11/13/1973,2/22/1973
5,1946,2/11/1998,3/5/1992
44,1947,4/20/1984,3/25/1991
34,1948,10/8/2019,11/6/1989
4,1949,5/10/1998,11/19/1971
23,1950,7/7/2007,9/25/2001
50,1951,9/24/1986,10/13/1983
65,1952,6/15/1979,12/14/2000
10,1953,11/5/2018,5/13/2001
17,1954,4/19/2019,1/22/1994
54,1955,6/9/2013,3/10/1971
19,1956,1/19/2020,11/1/2007
70,1957,5/2/2018,10/21/1976
42,1958,11/12/2003,8/19/1980
30,1959,9/21/2014,8/3/1979
67,1960,1/16/2015,8/31/1974
37,1961,7/4/1988,11/10/1973
68,1962,10/6/2014,7/5/1984
71,1963,4/19/2021,10/21/2015
42,1964,11/4/2005,8/31/1970
41,1965,7/20/2013,5/12/2012
17,1966,4/26/2013,11/4/1982
10,1967,6/8/1972,3/31/1988
29,1968,3/22/2009,6/21/1985
32,1969,9/7/2014,7/6/2010
47,1970,6/9/1997,10/1/1974
67,1971,7/3/1979,10/26/1996
23,1972,6/27/1983,1/23/2011
21,1973,1/1/2013,8/19/1993
29,1974,11/28/1981,12/12/1988
64,1975,2/5/1970,10/7/1986
37,1976,8/7/2012,11/12/1978
55,1977,6/18/1970,1/20/2018
45,1978,5/1/2001,2/19/1991
19,1979,5/6/1974,4/7/1986
47,1980,11/23/1975,4/6/1998
1,1981,8/26/1970,1/2/2001
34,1982,12/21/1981,4/7/1976
36,1983,4/29/1975,1/27/2020
8,1984,9/13/2020,3/22/2018
8,1985,9/27/1994,2/9/1998
13,1986,6/16/1997,6/8/2014
1,1987,10/4/1987,3/17/2021
18,1988,3/4/2002,9/10/2016
48,1989,4/15/2007,4/26/1982
54,1990,8/21/2008,5/25/1974
39,1991,11/15/1970,11/6/1977
25,1992,10/23/2008,8/23/2019
12,1993,8/4/2018,7/27/2010
29,1994,9/17/2002,2/21/2021
4,1995,9/13/2002,6/2/1979
71,1996,2/17/2019,11/28/1990
31,1997,10/8/2008,3/21/1972
5,1998,1/9/1986,2/6/2019
2,1999,3/28/2010,4/16/1973
20,2000,12/16/1977,9/10/2001
6,2001,7/8/2000,12/11/1991
42,2002,11/27/2009,12/29/1977
67,2003,7/4/2019,1/21/2008
16,2004,9/3/1977,11/9/2014
15,2005,9/11/2005,3/21/1980
68,2006,8/24/2000,9/17/1997
4,2007,10/4/2007,4/20/1994
69,2008,10/17/1983,5/1/2011
38,2009,10/1/1979,3/28/1988
56,2010,7/10/1988,6/12/1991
42,2011,6/21/1979,6/3/1976
28,2012,4/10/2005,3/18/1994
32,2013,7/23/1976,7/28/2001
49,2014,12/7/1998,7/23/1972
8,2015,6/17/1991,1/27/1974
24,2016,6/17/2019,11/13/1986
16,2017,3/20/2020,10/1/1977
61,2018,7/22/1983,9/26/2016
19,2019,4/13/2006,1/19/1993
33,2020,7/9/1980,10/15/1977
4,2021,3/2/2012,4/6/1974
46,2022,7/4/1997,4/19/2000
36,2023,3/6/2006,3/25/1974
67,2024,1/22/1996,4/20/1989
49,2025,12/27/2001,10/25/2006
18,2026,12/15/2007,11/6/2011
43,2027,2/8/1978,6/20/2017
67,2028,5/16/1977,11/27/1996
55,2029,3/2/1994,3/6/2020
52,2030,1/1/2019,6/29/1989
41,2031,6/12/1989,5/2/1986
2,2032,3/12/2015,6/15/1991
71,2033,4/22/1972,4/22/1987
1,2034,12/9/1997,11/28/1978
54,2035,4/3/1975,4/24/2016
33,2036,6/6/1990,10/21/2010
54,2037,10/18/1973,11/18/2001
69,2038,4/20/1987,3/15/1972
8,2039,2/7/1976,8/13/1988
29,2040,5/11/2015,2/5/1974
58,2041,12/27/1995,1/5/1970
9,2042,11/23/1972,1/31/2000
5,2043,10/27/1992,4/29/2017
1,2044,10/31/2002,8/30/1976
45,2045,5/24/1978,8/15/2017
65,2046,9/18/1978,12/19/1974
16,2047,11/11/2007,10/20/1989
19,2048,2/16/2013,4/5/1978
50,2049,8/27/1989,5/30/2004
6,2050,7/31/2005,4/30/1980
46,2051,4/15/2010,11/3/2012
46,2052,1/10/1984,8/20/2006
49,2053,5/21/2015,1/7/2014
66,2054,11/17/1989,10/20/1990
6,2055,9/14/1984,10/24/1992
19,2056,8/8/1981,2/23/2006
18,2057,6/1/2004,4/15/2017
56,2058,6/23/2018,9/16/2005
38,2059,5/22/1980,2/13/1976
40,2060,6/1/1998,9/7/2002
2,2061,2/18/2009,10/21/2002
4,2062,8/20/1994,11/29/1993
2,2063,8/14/1992,1/29/1974
22,2064,4/29/1980,4/4/1971
2,2065,3/8/2018,11/16/1997
37,2066,8/9/2012,6/2/1995
54,2067,6/18/2018,5/12/1989
38,2068,3/25/1976,4/28/1988
24,2069,4/6/2015,9/21/1991
35,2070,8/24/1994,8/5/1981
46,2071,7/30/1996,12/12/2012
71,2072,2/16/1970,4/17/2021
10,2073,6/8/1993,6/13/2018
40,2074,10/11/1983,12/19/1984
14,2075,8/9/2014,6/13/1990
52,2076,5/24/2011,6/12/1991
65,2077,4/24/1983,2/1/1982
66,2078,6/27/1993,5/2/1977
34,2079,10/12/1972,11/14/1972
23,2080,1/2/2001,4/18/2012
37,2081,10/12/1972,12/21/2011
43,2082,4/6/2002,7/8/1997
66,2083,9/17/2020,10/20/2005
36,2084,3/6/1971,4/11/1986
67,2085,7/26/1999,4/26/2001
22,2086,3/18/1976,5/8/1997
70,2087,10/24/2012,9/20/2005
67,2088,9/26/1978,4/24/1984
5,2089,5/11/2008,6/25/2006
36,2090,4/11/2021,9/25/1995
30,2091,12/25/1986,1/17/2006
7,2092,1/6/1990,1/2/2018
6,2093,1/17/2019,4/25/1993
21,2094,3/27/1999,8/7/1996
46,2095,7/2/1973,2/10/1979
60,2096,2/18/2008,6/1/2011
59,2097,4/26/1971,1/28/1993
25,2098,8/19/1975,5/8/1975
12,2099,1/20/1986,8/13/2013
53,2100,1/16/1999,3/11/2015
8,2101,12/26/1989,11/8/1995
3,2102,1/30/2019,1/22/1990
62,2103,6/12/1990,5/15/1984
48,2104,6/13/1975,6/1/1989
19,2105,6/23/1982,9/6/1997
67,2106,12/12/1979,11/22/2004
64,2107,12/17/1995,6/20/1992
48,2108,2/17/1972,11/18/1971
43,2109,3/22/1987,9/23/2017
21,2110,12/3/1996,4/22/1972
37,2111,9/24/1977,3/14/1981
64,2112,8/16/1993,3/4/2013
58,2113,5/22/1976,6/29/2010
50,2114,9/30/1970,11/28/1985
62,2115,5/28/1986,11/18/1985
6,2116,1/27/1994,7/13/1978
30,2117,11/5/2008,11/22/2014
2,2118,1/13/1983,5/23/1975
12,2119,3/31/1999,12/8/1991
48,2120,12/31/1981,10/13/1993
5,2121,11/11/2008,10/26/1984
19,2122,3/14/1982,11/22/2006
64,2123,8/17/1996,3/27/2011
38,2124,12/1/2017,10/11/2003
66,2125,8/13/1970,9/16/2020
46,2126,4/27/1991,9/23/1985
31,2127,11/24/1986,10/15/1988
31,2128,5/17/1978,5/21/1981
43,2129,12/13/1977,6/22/1971
65,2130,7/13/1980,12/28/1974
54,2131,5/21/1985,2/19/1973
10,2132,12/14/2012,8/24/1973
24,2133,5/16/2000,3/24/2021
45,2134,10/24/1972,8/12/1993
20,2135,4/2/2001,1/16/1975
42,2136,4/24/2011,4/16/2020
62,2137,6/18/1981,5/13/1977
12,2138,11/28/2008,8/5/1987
9,2139,5/3/2008,1/9/2006
67,2140,7/23/2014,4/14/1982
4,2141,12/18/2008,11/3/1999
39,2142,10/10/1995,4/21/1988
44,2143,3/7/2016,11/14/1985
62,2144,2/28/2005,4/12/2018
9,2145,1/28/1998,10/3/1976
38,2146,8/30/1995,12/7/2003
32,2147,8/1/1982,9/17/2008
71,2148,5/21/1981,10/30/2004
43,2149,2/16/1996,6/7/2001
10,2150,2/9/2008,11/1/1979
71,2151,9/8/1995,7/25/2015
7,2152,9/10/2010,6/14/1984
69,2153,4/10/2003,5/5/1992
35,2154,9/5/1976,1/3/1999
31,2155,11/15/2017,7/27/2000
23,2156,5/15/1971,5/17/1994
49,2157,6/17/2013,10/3/1970
53,2158,2/21/2020,9/6/2013
14,2159,3/27/2007,10/27/2018
10,2160,8/18/1991,11/16/1992
1,2161,3/21/1989,4/30/1970
3,2162,4/18/2017,12/21/2002
22,2163,7/24/2007,8/10/2014
23,2164,9/9/2005,1/11/2010
37,2165,3/28/1990,5/1/1999
45,2166,12/3/2003,5/14/2004
41,2167,9/16/1978,1/22/1994
42,2168,5/26/2010,1/7/1973
40,2169,11/22/1976,12/23/2007
46,2170,7/11/1992,7/20/1999
31,2171,2/19/1999,9/2/1981
56,2172,1/27/1986,8/17/2010
50,2173,4/9/2005,1/10/2021
56,2174,10/7/2015,10/19/2018
7,2175,7/30/1973,3/29/2019
36,2176,8/2/1994,11/3/2000
51,2177,7/21/1981,10/29/1975
31,2178,6/25/2019,12/5/1980
16,2179,11/5/2018,7/31/2004
53,2180,5/31/1993,7/16/1978
8,2181,3/28/1981,4/29/2007
46,2182,11/24/1979,5/17/1983
24,2183,10/8/1988,3/22/1996
7,2184,4/6/2004,6/19/2013
49,2185,2/25/1973,3/26/1993
65,2186,2/2/1989,2/27/1972
44,2187,2/20/1977,4/1/1976
23,2188,6/30/1978,5/6/2011
52,2189,11/17/1989,5/26/1986
11,2190,1/22/1975,10/27/1983
53,2191,7/30/2009,5/16/1986
57,2192,5/12/1981,8/16/1984
10,2193,10/22/1994,4/16/1982
1,2194,6/15/2005,8/24/1998
39,2195,2/20/1996,6/23/2011
15,2196,9/7/2015,12/29/1991
39,2197,3/5/1977,9/18/2013
68,2198,11/26/2013,9/26/2014
39,2199,3/16/2019,5/21/1997
20,2200,9/29/2020,4/7/2010
54,2201,1/5/1993,4/26/1990
1,2202,2/12/1981,10/18/2013
8,2203,2/20/1971,10/3/1983
3,2204,6/25/2006,3/26/1975
11,2205,9/12/1973,10/7/2004
3,2206,7/12/2008,7/26/1984
23,2207,3/31/2000,12/18/1976
54,2208,11/15/2017,2/12/1998
59,2209,3/26/1978,4/14/1992
46,2210,4/21/1974,10/9/2000
58,2211,6/16/2019,12/18/2008
43,2212,4/29/2004,12/28/2004
34,2213,12/16/2004,1/24/2012
23,2214,6/11/1990,12/5/2001
43,2215,1/18/1989,5/5/1995
16,2216,12/16/1984,3/10/2016
37,2217,12/18/2009,10/9/2012
27,2218,2/13/1982,12/25/2009
55,2219,10/26/1975,6/28/2008
15,2220,6/13/2015,4/18/1983
23,2221,3/14/2010,8/23/1994
27,2222,11/12/2020,3/19/1991
1,2223,7/12/1984,11/14/1998
19,2224,10/2/2020,3/5/1970
47,2225,1/22/2020,10/10/2010
64,2226,7/10/1982,2/12/2016
34,2227,5/20/1975,10/27/1972
47,2228,5/27/2019,2/16/2009
33,2229,4/12/1989,4/4/2009
32,2230,3/14/2000,10/5/2019
31,2231,4/28/1981,4/28/2005
37,2232,12/21/1971,5/8/1974
30,2233,11/13/2020,2/20/2005
53,2234,3/6/2004,5/5/2017
9,2235,3/24/2013,2/1/1983
3,2236,8/14/1987,4/22/2015
8,2237,6/17/2007,5/26/1979
14,2238,3/5/1974,10/1/1989
55,2239,4/26/2018,5/18/2009
17,2240,5/9/1987,6/1/1981
24,2241,6/18/1989,2/23/1984
12,2242,7/2/2010,5/31/2010
70,2243,6/25/2004,11/26/2003
15,2244,3/22/2000,7/21/1993
48,2245,7/10/2007,8/29/2013
20,2246,1/20/1979,1/31/2003
31,2247,9/6/2014,4/7/1999
23,2248,5/13/2011,10/12/2010
58,2249,11/30/1989,2/5/2013
25,2250,4/10/1991,2/24/1985
63,2251,2/22/2002,4/20/1985
60,2252,2/23/1973,7/1/2002
46,2253,4/20/1980,2/20/1989
15,2254,1/11/2001,9/23/2005
17,2255,10/1/1982,6/8/2008
42,2256,7/22/2020,5/16/2018
1,2257,6/28/1977,3/30/1997
2,2258,3/25/1972,9/20/1996
13,2259,6/24/1974,12/25/2007
13,2260,6/5/1977,3/18/2002
58,2261,9/18/1987,6/2/2020
24,2262,8/26/1990,12/18/2018
15,2263,10/31/1983,7/31/2005
57,2264,4/5/1973,11/6/1984
48,2265,6/5/2018,1/4/2012
55,2266,4/1/1973,2/20/1985
67,2267,3/10/1972,5/16/2004
17,2268,5/17/2006,4/29/2004
25,2269,7/9/1981,7/5/1978
21,2270,10/21/2008,10/3/1988
51,2271,1/1/1989,7/29/1991
59,2272,1/13/1999,11/24/1981
10,2273,6/20/1988,6/18/1997
40,2274,4/25/2019,2/1/2001
57,2275,11/27/2018,7/17/1971
47,2276,12/26/2009,5/7/1979
21,2277,12/6/1996,12/25/1995
59,2278,10/1/1993,6/10/1986
63,2279,8/14/1979,12/5/2013
14,2280,7/28/2000,3/24/1980
14,2281,7/6/1995,6/30/1975
54,2282,8/21/1991,4/25/1993
60,2283,8/25/1981,10/12/2005
50,2284,1/28/1975,7/22/1999
39,2285,4/11/1994,3/7/1978
63,2286,2/7/2014,3/29/2004
61,2287,1/13/1996,9/22/1970
2,2288,1/9/2015,1/22/1982
41,2289,5/23/2012,12/29/2006
66,2290,8/9/2017,12/23/1994
9,2291,10/14/2013,7/5/2012
23,2292,8/2/1974,6/22/1990
3,2293,5/13/1990,6/3/1998
61,2294,8/15/2008,4/14/1974
8,2295,3/7/1986,3/6/2017
12,2296,1/7/1989,7/7/1991
54,2297,11/29/2003,11/21/1978
34,2298,6/22/2001,2/25/2013
18,2299,3/6/2011,11/26/1995
13,2300,4/9/1980,2/21/1988
21,2301,12/10/2001,5/13/2012
30,2302,7/1/1990,12/1/1992
8,2303,10/29/1974,8/21/2020
56,2304,4/11/1978,9/26/1989
35,2305,9/16/2007,1/14/2016
14,2306,7/1/1982,2/19/1978
41,2307,11/11/2002,4/20/1976
68,2308,10/7/1989,3/28/2009
9,2309,9/25/2000,9/16/1984
1,2310,9/28/2016,7/18/1996
27,2311,7/27/1990,8/15/1982
21,2312,6/22/1980,4/28/2019
2,2313,7/21/2019,6/28/1972
32,2314,3/26/2000,11/19/1970
24,2315,3/20/1983,3/26/1972
24,2316,10/20/2015,1/30/1977
41,2317,8/31/2014,2/23/1991
24,2318,1/19/1996,9/18/1977
36,2319,12/27/1976,4/1/2018
22,2320,5/24/1978,11/18/1988
68,2321,5/9/2003,4/20/1976
58,2322,8/20/1993,10/31/1998
67,2323,4/26/2016,10/24/1998
68,2324,7/21/2015,5/11/2005
8,2325,8/23/2006,8/29/2014
33,2326,5/4/2005,6/27/1992
49,2327,4/3/1998,3/18/1996
1,2328,5/14/1983,11/26/2004
1,2329,7/15/1984,11/15/2004
61,2330,4/10/2009,12/2/1992
66,2331,2/11/1989,3/25/1993
38,2332,1/24/1989,2/28/1990
2,2333,6/2/1981,12/23/1981
41,2334,3/16/1972,12/25/2010
5,2335,10/28/2010,11/24/1975
58,2336,6/19/2010,5/26/2007
64,2337,1/5/2001,8/18/1999
39,2338,11/26/2010,10/12/1981
68,2339,3/28/2005,8/22/2014
52,2340,12/16/2019,11/25/1994
6,2341,4/4/1981,4/13/2002
52,2342,3/12/2006,2/21/1997
32,2343,12/17/2007,10/24/2012
23,2344,1/6/2005,9/21/2018
69,2345,8/21/1995,2/27/2010
50,2346,4/2/2014,6/4/1971
59,2347,7/14/1996,12/1/1992
34,2348,11/24/1983,10/15/1990
4,2349,1/9/1981,9/8/2008
27,2350,1/28/2013,4/25/1981
56,2351,1/18/2010,12/24/1987
59,2352,3/29/2002,8/25/1993
26,2353,11/11/1997,3/25/2001
29,2354,12/23/2011,2/20/2003
51,2355,1/9/1997,9/10/2011
37,2356,11/6/1989,12/3/2002
25,2357,9/10/1995,8/7/2014
19,2358,6/19/1992,7/25/1994
54,2359,1/7/2019,3/18/2018
22,2360,11/7/2007,3/26/2016
53,2361,9/11/2001,8/30/1988
13,2362,1/22/2021,10/22/2012
7,2363,11/12/2014,10/22/1981
17,2364,10/1/2005,2/9/2001
55,2365,3/22/1989,7/29/2014
52,2366,5/1/2008,10/3/1993
69,2367,5/21/1995,7/26/1999
18,2368,9/28/1995,1/31/2017
63,2369,11/7/1993,7/31/1977
6,2370,7/15/1996,9/27/2010
37,2371,5/16/1996,2/12/2003
32,2372,1/18/2009,12/7/2007
41,2373,9/21/2004,6/8/2009
59,2374,4/8/1997,6/20/1993
45,2375,9/22/1992,5/28/1983
44,2376,10/28/1987,12/2/1993
71,2377,8/9/2018,9/4/2013
41,2378,7/22/2001,9/25/2007
47,2379,2/11/1978,12/31/2018
58,2380,7/6/1983,6/2/2000
61,2381,6/4/1998,11/16/2003
35,2382,6/3/1984,3/28/1977
71,2383,8/12/2003,12/6/1972
2,2384,4/19/1998,2/10/1982
63,2385,5/12/1996,5/14/2006
4,2386,6/29/2018,2/6/1980
47,2387,1/18/2011,10/23/2019
62,2388,12/1/1970,12/16/2002
61,2389,7/8/1981,8/29/1973
14,2390,7/24/2019,7/25/1990
41,2391,1/18/2003,5/25/2008
46,2392,5/2/1985,4/26/1984
39,2393,9/12/1989,4/19/1970
33,2394,9/19/1972,2/11/2010
32,2395,6/4/2000,5/5/2014
70,2396,3/23/2018,11/13/2009
37,2397,12/19/2005,8/11/1981
43,2398,1/27/1975,12/29/2015
24,2399,3/19/2010,12/14/1996
50,2400,5/12/2019,12/2/2001
22,2401,5/14/1974,3/14/2015
38,2402,6/5/1973,6/21/1990
69,2403,3/13/2016,7/20/1978
58,2404,8/29/1975,3/10/1970
37,2405,4/24/1999,6/24/1993
49,2406,8/23/1986,4/2/1972
40,2407,8/9/1998,2/23/2019
65,2408,12/27/1995,2/2/1989
27,2409,6/20/1996,9/23/1971
32,2410,6/2/1997,3/24/1980
58,2411,11/19/1976,8/3/1999
5,2412,3/24/1977,9/15/1971
54,2413,3/16/1993,10/31/2014
42,2414,5/13/1999,1/18/1978
14,2415,12/13/1980,1/23/2021
63,2416,4/17/2006,7/3/2013
8,2417,1/21/2013,10/9/1976
58,2418,3/4/2004,6/15/2018
6,2419,1/27/2011,11/22/1970
27,2420,1/6/1973,5/27/2015
70,2421,5/18/1992,8/7/2004
44,2422,7/20/1971,4/20/1982
48,2423,9/27/2003,7/15/1972
12,2424,11/10/2019,11/16/1991
65,2425,3/14/1990,7/31/1974
3,2426,1/9/1989,6/18/2004
12,2427,7/25/2006,5/30/1987
39,2428,8/28/2015,10/19/1998
5,2429,5/31/1991,1/17/1993
19,2430,12/5/1993,6/5/1999
22,2431,8/3/1977,4/24/1997
3,2432,11/27/1995,4/8/1998
52,2433,4/28/2014,7/29/1980
41,2434,2/19/2016,10/10/1988
62,2435,6/4/1996,8/21/2016
4,2436,7/19/2015,4/27/2019
25,2437,9/6/1974,4/24/1982
58,2438,4/16/2004,3/13/1972
58,2439,11/10/2001,4/5/1991
29,2440,10/2/1971,7/5/2015
45,2441,2/26/2003,4/1/1977
62,2442,8/16/1995,5/27/1992
15,2443,2/20/1993,11/11/2001
45,2444,4/12/1999,10/9/1992
22,2445,1/12/2001,5/5/2014
44,2446,12/5/2000,12/4/2010
7,2447,2/28/1995,3/6/2017
23,2448,12/31/2018,4/18/2019
5,2449,1/9/2002,11/18/2006
57,2450,10/13/1975,1/22/2007
7,2451,1/5/2003,4/28/2013
26,2452,7/14/1986,10/5/1970
66,2453,3/2/1983,8/27/1977
61,2454,6/24/2002,5/17/1986
28,2455,11/15/1984,12/20/1975
64,2456,9/9/2002,10/13/2001
24,2457,5/3/2009,3/16/1974
62,2458,2/12/1973,10/17/2012
25,2459,5/7/2013,7/7/2018
27,2460,7/25/1993,9/4/1984
62,2461,2/16/1975,2/13/1974
24,2462,1/11/1973,2/29/2020
29,2463,1/6/1979,11/28/1982
20,2464,9/19/1977,2/21/2009
71,2465,4/25/2008,6/10/1974
32,2466,4/30/2005,2/10/1987
32,2467,4/27/1993,6/21/2016
29,2468,1/3/1983,5/22/1993
8,2469,11/30/1988,1/15/2018
66,2470,5/26/1987,4/11/2016
59,2471,9/8/1987,2/15/1997
16,2472,10/22/1997,3/17/2003
64,2473,12/16/1996,12/22/2013
66,2474,9/8/1994,6/25/2005
63,2475,6/2/1999,6/18/2012
17,2476,8/25/1972,4/3/2007
7,2477,2/21/1983,1/26/2002
17,2478,9/3/1985,10/31/1992
68,2479,1/11/2018,9/12/1982
11,2480,4/23/1997,11/26/1991
7,2481,6/29/2013,12/24/2016
10,2482,9/11/1977,12/27/1979
5,2483,5/30/1983,7/14/2010
65,2484,7/11/2006,6/27/1997
33,2485,8/2/2012,11/12/1985
9,2486,1/19/1970,12/8/1981
65,2487,9/17/2008,6/20/1978
59,2488,10/12/2019,6/11/1973
70,2489,9/13/1993,8/17/2012
32,2490,1/13/1981,12/6/1994
4,2491,11/20/1989,12/24/1990
4,2492,9/25/2014,5/3/2007
18,2493,4/6/2000,11/23/1987
6,2494,6/25/1981,2/22/2014
55,2495,10/2/2017,6/20/2019
20,2496,4/5/1976,10/15/1988
69,2497,6/29/1976,2/24/1979
45,2498,9/22/2000,8/21/1995
26,2499,9/19/1982,11/15/2013
69,2500,3/10/2021,9/27/2000
24,2501,11/3/1970,4/27/1983
41,2502,2/26/1982,10/19/1983
18,2503,10/8/1979,8/13/1976
23,2504,5/17/1991,4/25/1995
17,2505,6/21/1978,4/17/1990
15,2506,7/11/1990,8/26/2006
49,2507,4/10/2000,12/8/1985
58,2508,3/1/2009,1/11/2020
23,2509,2/1/1980,4/14/1992
39,2510,8/7/2003,7/16/2004
44,2511,4/11/2004,3/20/1984
20,2512,9/22/2018,7/1/1996
16,2513,1/23/2019,12/26/2001
54,2514,5/21/1995,7/10/1990
15,2515,7/25/1976,3/2/1971
65,2516,12/5/2009,10/3/2018
36,2517,4/6/1992,5/22/1997
34,2518,3/23/1984,12/17/1997
47,2519,5/29/1998,5/24/1980
69,2520,7/16/1971,8/15/1993
43,2521,11/17/2006,12/21/2018
34,2522,3/31/1987,7/19/2004
7,2523,2/10/1993,11/6/1999
54,2524,12/2/1976,3/5/2018
62,2525,7/26/2012,10/21/1976
45,2526,2/18/1990,7/6/2011
44,2527,3/30/1985,6/21/1981
18,2528,7/14/2012,8/31/1981
37,2529,9/4/1988,4/16/1986
22,2530,3/15/1988,7/17/2001
12,2531,5/21/2004,1/4/1972
32,2532,6/3/2019,3/11/1972
13,2533,6/20/1986,10/31/1970
10,2534,7/21/2016,7/20/2018
42,2535,5/15/2006,3/31/2003
68,2536,2/1/2016,11/28/2013
57,2537,8/9/1998,9/7/2001
5,2538,1/23/1973,4/4/2019
18,2539,7/12/2012,7/29/2015
42,2540,8/31/1998,11/12/2009
14,2541,11/19/1972,4/28/2012
53,2542,8/30/2006,10/21/1975
44,2543,4/18/1974,9/17/2011
51,2544,10/13/1970,6/25/2004
26,2545,6/21/2007,2/5/1971
62,2546,9/29/2001,9/4/2019
39,2547,8/7/1992,12/10/2014
24,2548,1/13/1992,1/6/1994
3,2549,5/28/1988,10/4/1980
33,2550,9/6/2010,6/8/1973
36,2551,7/22/1982,4/29/1974
45,2552,6/18/2009,12/26/2017
51,2553,8/9/1973,2/18/2016
35,2554,12/20/2018,12/2/1979
29,2555,11/26/1991,10/29/1989
60,2556,2/2/1991,9/19/1970
26,2557,4/17/1977,5/15/1971
10,2558,3/15/1970,12/18/1989
60,2559,4/24/2004,4/6/2005
8,2560,12/23/2019,1/6/1989
54,2561,5/4/2000,2/13/2002
57,2562,10/13/1979,2/3/2012
42,2563,1/7/1991,9/3/1978
6,2564,6/28/2007,10/26/1997
68,2565,8/12/1976,5/21/2017
66,2566,2/7/1977,6/11/1979
29,2567,5/15/1977,3/13/1990
12,2568,5/15/1994,11/17/2002
6,2569,4/21/2009,4/23/2007
57,2570,5/21/2004,1/21/1981
1,2571,2/20/2014,10/2/2013
45,2572,8/12/1980,11/7/1977
66,2573,4/8/1973,8/16/1997
59,2574,6/25/1977,6/29/1976
63,2575,8/17/1972,4/11/1995
2,2576,12/2/1990,5/29/1978
18,2577,8/28/2017,7/15/2011
48,2578,10/3/2011,4/6/2012
9,2579,2/15/2000,12/27/2007
53,2580,5/2/2017,2/4/2006
57,2581,10/12/1976,6/17/2015
25,2582,7/17/1979,7/6/2019
39,2583,9/10/2019,1/19/1971
6,2584,6/9/1992,5/7/2012
50,2585,3/19/1990,12/14/1976
10,2586,3/17/1977,5/7/1997
43,2587,1/14/1990,6/4/1972
53,2588,2/16/1987,1/26/2015
71,2589,7/7/2008,6/1/1999
66,2590,11/30/1976,5/24/1986
61,2591,8/15/2018,2/27/2021
22,2592,11/28/1993,3/27/1977
45,2593,6/21/2007,1/13/2008
44,2594,3/26/2001,9/14/2015
17,2595,12/30/1991,3/8/2001
25,2596,12/11/2016,1/12/1998
19,2597,12/3/1979,7/29/1994
44,2598,9/4/2006,3/3/1986
65,2599,7/31/2019,10/18/2019
32,2600,7/10/2004,5/24/1997
27,2601,6/26/2004,5/11/1972
70,2602,1/26/2017,6/2/1981
12,2603,11/14/1975,12/8/2013
46,2604,5/16/1990,2/10/1988
25,2605,6/9/1970,1/10/2005
18,2606,9/9/2005,1/5/2004
3,2607,6/25/1998,11/16/2010
67,2608,5/2/1983,8/31/2000
9,2609,6/7/2019,4/13/2002
32,2610,12/11/1972,9/19/2012
36,2611,9/29/2003,9/22/1991
14,2612,5/4/1998,12/8/2014
37,2613,10/23/1981,4/18/2012
37,2614,10/13/1988,8/11/1989
24,2615,6/30/1979,2/7/1985
53,2616,1/31/2008,8/18/1999
52,2617,11/12/2001,11/12/2007
40,2618,1/28/1975,6/21/2007
21,2619,1/4/2020,1/14/2004
1,2620,9/9/2007,8/14/1986
14,2621,7/25/2017,9/27/1972
51,2622,2/24/1997,5/4/1979
69,2623,7/13/1987,6/3/1983
48,2624,8/25/1971,11/23/1990
71,2625,2/10/1978,6/3/1988
26,2626,9/11/1975,6/23/2016
39,2627,5/5/2013,12/14/1989
42,2628,8/7/2013,5/4/2006
64,2629,12/16/1989,10/5/1987
55,2630,2/8/1996,10/19/1992
49,2631,5/26/1985,1/10/1982
12,2632,7/10/2013,12/23/2014
50,2633,8/21/1986,9/13/1971
9,2634,7/23/2004,6/24/1982
30,2635,7/12/2012,4/25/1974
43,2636,12/18/2017,6/26/1979
69,2637,4/29/2011,9/30/1984
28,2638,7/9/1987,12/4/1982
59,2639,10/2/2004,12/14/2017
19,2640,2/8/2008,3/18/1988
58,2641,4/30/2000,8/5/2020
54,2642,9/10/1984,10/29/2012
49,2643,11/17/2008,12/7/1980
64,2644,7/31/1983,11/14/1994
70,2645,3/18/2020,5/22/1996
13,2646,2/6/2008,11/30/2018
48,2647,4/24/1971,8/9/1975
43,2648,2/13/1994,2/4/1977
40,2649,7/7/1995,4/8/2002
54,2650,1/14/1979,10/1/2020
1,2651,10/23/2016,3/23/1997
27,2652,5/14/2010,7/18/1980
22,2653,6/17/1974,10/12/1974
50,2654,5/26/2013,8/14/1995
4,2655,6/30/1999,5/31/2006
56,2656,8/17/1978,1/19/1981
53,2657,8/5/1978,9/30/1987
44,2658,7/27/1973,9/8/1977
11,2659,2/2/1973,12/19/1987
64,2660,5/18/2004,5/13/2003
15,2661,2/25/1977,10/11/1974
54,2662,3/16/1993,8/13/1990
33,2663,1/29/2016,11/26/1994
59,2664,4/26/2010,12/22/1976
67,2665,7/8/2011,10/30/1979
10,2666,8/26/2016,5/13/2004
17,2667,4/8/1989,7/12/1976
11,2668,10/2/1977,4/24/1986
37,2669,8/30/1990,2/11/2004
51,2670,1/1/1989,11/29/1986
19,2671,1/23/2011,11/13/1972
23,2672,6/15/1977,4/9/1977
36,2673,4/11/1994,3/15/1979
28,2674,6/7/1984,6/8/1988
1,2675,4/30/1972,8/17/1971
42,2676,8/13/2009,2/24/1980
27,2677,2/18/1987,8/31/1971
8,2678,11/7/1986,2/26/1988
18,2679,12/27/1977,7/19/1996
18,2680,10/26/2007,1/7/2020
54,2681,7/30/2005,11/26/2017
35,2682,2/22/1974,1/16/2017
45,2683,9/11/1973,4/4/1974
6,2684,10/6/2020,3/8/1973
69,2685,3/25/1992,6/4/2015
68,2686,7/6/1985,8/14/2003
22,2687,4/20/1985,9/23/1982
39,2688,3/14/2001,1/10/1991
45,2689,9/14/2012,11/8/1977
31,2690,7/2/1972,2/5/1972
26,2691,1/7/1993,4/23/1986
66,2692,2/1/1994,6/7/1985
63,2693,7/2/1987,8/23/2009
36,2694,11/8/2018,10/18/1971
12,2695,8/2/1990,9/11/1984
17,2696,8/8/2016,11/8/1986
19,2697,6/23/2012,2/24/1993
2,2698,10/5/2020,10/13/2013
59,2699,1/6/1985,11/6/2010
16,2700,11/15/2005,9/3/1998
20,2701,4/19/1986,6/25/1999
67,2702,2/12/2003,3/17/2004
16,2703,8/8/1981,5/8/1989
41,2704,2/27/1998,10/1/1976
65,2705,10/1/2009,8/16/1988
29,2706,12/15/1981,12/1/1983
12,2707,12/17/2013,10/2/2012
24,2708,2/22/1994,5/17/1983
36,2709,10/24/2019,6/19/1992
31,2710,1/13/2014,10/2/1997
14,2711,6/20/2004,12/17/2012
46,2712,8/1/1987,11/27/2013
32,2713,12/7/1988,1/13/1979
7,2714,8/26/2002,8/31/1987
60,2715,3/10/2000,9/18/2016
11,2716,7/10/2017,4/7/2019
44,2717,4/22/1970,4/19/1972
26,2718,5/21/2012,9/8/2000
70,2719,10/12/1984,6/26/2015
6,2720,10/3/2013,5/24/1987
18,2721,5/29/1983,9/29/1992
6,2722,11/6/2006,9/7/2020
31,2723,3/31/1990,5/4/2019
48,2724,12/20/2015,8/3/1996
45,2725,5/21/2016,1/27/1984
3,2726,6/22/2001,4/21/1986
23,2727,9/6/1981,9/20/1981
57,2728,5/2/1989,3/19/1995
61,2729,10/22/1972,8/13/2017
40,2730,6/10/1979,3/27/1985
50,2731,3/12/1971,8/3/1981
64,2732,9/19/2014,1/8/2012
2,2733,12/27/2018,1/19/2007
11,2734,12/8/2018,6/6/2014
64,2735,1/7/1970,1/21/2000
63,2736,1/24/1988,6/4/2002
70,2737,2/20/1974,1/7/1998
30,2738,7/5/1993,9/15/2002
69,2739,1/16/1997,3/14/2015
70,2740,12/16/1996,8/30/2010
17,2741,5/18/2013,9/27/1999
52,2742,5/25/2000,1/7/2010
9,2743,10/5/1995,1/31/1998
48,2744,6/17/1983,3/8/2002
17,2745,10/26/1992,7/2/2019
8,2746,7/28/2002,6/19/1997
23,2747,12/10/1978,9/13/1973
33,2748,4/3/1986,12/25/1986
27,2749,6/25/2015,9/15/1985
60,2750,8/24/1978,12/10/2006
44,2751,10/23/1979,3/25/1992
1,2752,5/5/2015,8/2/2007
8,2753,4/7/2011,1/4/1975
65,2754,5/23/1984,2/28/2010
20,2755,10/15/2009,8/8/2003
20,2756,3/7/2019,7/20/2001
20,2757,3/29/2003,5/16/1980
47,2758,12/13/1993,1/10/1999
50,2759,5/11/1990,9/19/1973
46,2760,9/30/1983,2/2/1983
42,2761,2/27/2014,8/1/1985
11,2762,5/10/1981,4/1/1976
33,2763,1/15/1981,3/27/2011
30,2764,5/13/1994,8/25/2000
48,2765,12/16/2002,5/18/1999
18,2766,9/26/1974,11/29/1975
16,2767,2/12/2003,11/7/1993
6,2768,12/31/2002,5/26/1987
61,2769,9/4/1971,5/11/1991
3,2770,9/9/1981,10/6/2004
57,2771,7/11/1977,3/6/2012
67,2772,3/29/1984,5/15/2004
29,2773,2/6/2000,5/24/2008
62,2774,7/31/1982,2/10/1990
59,2775,8/20/2009,12/24/1977
33,2776,7/24/2014,11/5/2001
55,2777,2/15/1994,2/14/1974
68,2778,4/20/2010,6/20/1979
66,2779,2/24/1991,2/22/1974
28,2780,12/20/2017,4/1/1985
61,2781,4/22/2009,8/15/1994
40,2782,11/19/1988,5/19/2011
62,2783,1/19/1993,12/22/2020
59,2784,6/24/2012,12/6/1980
5,2785,11/28/1977,9/5/2001
21,2786,10/10/1992,12/17/1997
44,2787,8/21/1999,9/13/2014
54,2788,10/31/2016,4/21/1974
55,2789,5/30/1995,10/30/1991
37,2790,8/25/1974,10/7/1978
31,2791,2/3/1975,3/1/2001
35,2792,3/5/2018,4/20/1971
6,2793,9/17/1978,7/10/1999
35,2794,1/24/1974,6/30/1986
27,2795,9/4/1972,1/22/2021
33,2796,3/14/2015,11/13/1990
54,2797,8/2/1986,6/12/2007
10,2798,8/22/2011,4/2/2020
44,2799,7/19/2018,6/11/1994
58,2800,2/16/2017,1/16/1971
51,2801,6/2/2017,5/8/1980
50,2802,10/14/2001,1/1/1979
36,2803,12/12/1991,1/22/1985
17,2804,11/28/2019,7/30/2004
55,2805,3/4/1990,8/28/1994
55,2806,5/26/1979,12/30/1975
16,2807,1/13/2011,11/20/1976
25,2808,8/24/2007,6/5/1989
58,2809,7/15/1980,6/29/1996
1,2810,4/1/2015,2/22/1979
26,2811,2/2/1996,8/24/1973
9,2812,3/24/1971,12/26/2003
42,2813,10/15/2013,7/11/1989
32,2814,1/5/2009,11/26/2019
33,2815,10/27/2007,9/2/1973
27,2816,12/21/2020,10/15/1998
9,2817,8/31/2000,11/30/1990
4,2818,12/23/2004,9/14/1983
46,2819,12/3/1974,8/8/1982
71,2820,9/8/1986,1/26/1971
9,2821,9/7/2010,11/10/1972
36,2822,12/8/1997,4/4/1986
69,2823,10/1/1996,7/21/2008
23,2824,3/10/1989,3/9/1978
31,2825,4/1/1983,7/13/1974
29,2826,6/18/1982,12/3/1981
38,2827,9/14/1982,1/21/1985
45,2828,7/1/1977,8/19/1991
28,2829,1/2/1999,10/15/1997
5,2830,5/17/1987,10/29/1993
29,2831,6/19/2013,7/10/2017
36,2832,12/11/2003,10/28/1985
7,2833,8/3/1973,1/2/1998
29,2834,2/8/2008,4/16/2006
16,2835,6/10/2002,2/12/2020
58,2836,4/16/1984,4/23/1980
53,2837,3/29/2010,4/11/1970
55,2838,7/18/1990,11/29/2019
8,2839,1/19/2018,4/27/1998
10,2840,8/19/1998,4/11/1987
42,2841,2/6/2021,11/15/1975
67,2842,3/6/1994,2/4/1977
71,2843,2/6/1970,7/26/2006
14,2844,6/30/2008,12/4/1976
33,2845,11/9/1999,7/13/1985
57,2846,10/16/1982,6/12/1991
2,2847,6/13/1995,8/23/1999
17,2848,9/7/2017,4/15/1974
13,2849,11/23/2006,12/8/2004
49,2850,3/29/2000,4/3/2020
70,2851,2/7/1971,12/20/2009
53,2852,12/14/1991,12/25/1972
34,2853,8/14/1973,5/24/1976
1,2854,9/29/1980,11/6/1975
46,2855,2/8/1976,7/31/1998
5,2856,9/25/2004,11/26/2011
3,2857,11/10/2011,5/26/1971
34,2858,11/6/2019,6/19/2009
61,2859,11/27/2010,12/1/1973
66,2860,12/26/2002,9/5/2007
63,2861,3/14/2015,8/12/1979
3,2862,4/26/1992,6/14/1981
47,2863,6/4/2015,7/17/1980
55,2864,2/3/2005,2/2/1975
50,2865,4/27/2007,11/6/2011
61,2866,2/27/2011,1/12/2010
63,2867,11/9/2002,4/14/1973
30,2868,9/11/1972,3/1/1974
1,2869,6/30/2002,8/28/1972
45,2870,5/2/2003,8/6/2003
71,2871,6/17/1998,7/23/1974
34,2872,8/15/2015,2/3/1986
17,2873,6/17/1970,1/14/1986
51,2874,6/3/2014,5/14/2013
45,2875,7/22/1982,11/30/2009
57,2876,10/1/1981,4/9/1973
13,2877,11/7/2006,5/1/1989
71,2878,12/2/1995,4/11/2017
11,2879,7/22/1980,1/6/2012
13,2880,12/2/1971,4/8/1971
6,2881,5/7/2003,7/2/2017
42,2882,12/31/1971,8/6/2001
70,2883,4/10/1980,1/25/2017
26,2884,6/8/1986,4/12/2019
36,2885,5/29/1979,9/17/2008
8,2886,1/22/1974,5/26/1971
37,2887,2/9/1989,12/28/2018
55,2888,4/17/2012,1/22/2014
10,2889,1/13/1990,6/1/2006
24,2890,12/27/2007,9/28/1978
52,2891,11/28/1987,11/5/1986
41,2892,5/12/1995,10/4/2002
65,2893,1/21/2015,10/9/1974
64,2894,11/4/1985,10/13/1976
69,2895,5/11/2008,7/26/1996
8,2896,3/26/2009,11/7/2015
50,2897,8/18/1998,10/22/2011
45,2898,10/17/1985,10/9/1993
4,2899,7/12/1981,1/23/1984
11,2900,8/17/2005,3/19/1970
15,2901,5/23/1989,1/31/1985
26,2902,1/23/1977,2/19/1970
39,2903,6/3/2011,7/17/1980
70,2904,5/31/1977,10/14/2001
3,2905,4/21/2017,9/25/1978
12,2906,4/10/2015,11/12/2017
64,2907,4/7/1978,5/25/1989
32,2908,12/17/2006,7/1/1984
22,2909,1/17/2018,11/4/1991
55,2910,6/3/2019,9/11/1993
39,2911,3/29/1971,1/3/2008
5,2912,2/2/2002,2/20/1998
27,2913,1/23/1973,7/1/2001
15,2914,3/21/1989,6/23/1984
58,2915,10/23/2020,4/25/2021
50,2916,1/28/1997,7/14/1978
23,2917,6/26/2003,4/29/1970
41,2918,9/28/1975,6/1/2006
20,2919,3/12/1974,4/20/2003
64,2920,7/25/1977,7/2/2013
31,2921,12/27/2015,4/1/1980
38,2922,7/24/1974,10/12/2004
41,2923,7/30/1970,4/15/2012
12,2924,9/12/2013,4/22/2001
25,2925,3/22/1997,4/22/1998
68,2926,5/25/2013,9/3/2013
68,2927,4/8/2018,6/1/1971
65,2928,1/10/2010,3/22/1988
32,2929,8/24/1993,2/27/2013
51,2930,5/18/1988,6/6/1975
43,2931,4/25/2002,11/26/2000
19,2932,4/18/1993,7/5/2009
4,2933,11/13/1993,12/7/1985
42,2934,10/25/1989,7/15/1984
46,2935,10/14/1995,2/8/2021
10,2936,5/11/1983,4/8/1986
25,2937,8/13/2010,3/13/2013
70,2938,11/12/2016,4/28/1985
12,2939,6/8/1975,8/9/1998
9,2940,5/2/2010,7/23/2016
2,2941,12/20/2017,1/17/1992
37,2942,4/1/2000,6/7/1973
57,2943,10/29/2012,1/25/2004
19,2944,12/14/2004,4/2/1984
26,2945,3/18/1971,6/10/1980
17,2946,7/17/2020,4/20/2007
32,2947,3/9/1994,4/21/1983
59,2948,7/15/1986,9/28/1974
21,2949,12/19/1988,2/15/1980
27,2950,12/20/1999,11/15/1998
66,2951,4/27/1991,6/4/1988
5,2952,7/12/2020,12/1/1995
30,2953,1/10/1978,6/1/2008
12,2954,5/6/1996,5/11/1994
58,2955,11/21/2011,7/23/1989
57,2956,3/25/2014,2/25/2011
55,2957,6/7/2009,1/24/2009
70,2958,12/18/1971,4/21/1990
18,2959,1/21/1995,4/28/2004
38,2960,12/3/2018,6/24/1980
33,2961,10/2/1974,8/24/1973
63,2962,7/16/1991,4/6/2005
18,2963,4/20/1980,7/14/1978
26,2964,3/13/2020,10/17/1974
57,2965,2/16/2015,4/10/1972
18,2966,2/23/1984,7/23/2020
60,2967,8/7/2010,2/17/1993
56,2968,1/2/1977,8/26/2004
65,2969,1/18/1974,8/13/2020
27,2970,1/13/2005,5/22/2016
31,2971,5/31/2016,7/13/1992
2,2972,9/25/2009,4/14/2013
13,2973,11/21/1975,1/14/2001
63,2974,4/26/1999,2/5/2004
10,2975,7/3/1972,4/16/1993
48,2976,4/6/2015,2/19/2011
41,2977,2/19/1991,9/18/1993
47,2978,4/1/2000,5/17/1980
26,2979,10/31/2008,11/4/1996
23,2980,4/12/1980,10/23/1983
13,2981,5/28/2005,9/21/1987
9,2982,12/19/2013,10/13/2019
48,2983,6/3/2019,8/16/1996
56,2984,12/20/1993,7/24/2002
55,2985,4/13/1977,3/13/1975
64,2986,1/26/2009,1/10/1986
53,2987,6/16/1976,11/18/2002
69,2988,8/2/1971,10/4/2005
66,2989,12/11/2015,6/19/2017
33,2990,4/7/2006,3/8/1973
61,2991,10/1/1974,1/30/1995
53,2992,2/16/2009,6/23/1976
2,2993,12/28/2020,4/2/1979
5,2994,12/24/2003,9/11/2004
64,2995,2/3/2009,8/6/2011
11,2996,8/12/1993,5/28/2007
36,2997,4/16/1983,5/17/1984
57,2998,3/17/1973,3/17/2011
1,2999,1/15/1997,4/12/2014
46,3000,12/27/2015,10/10/1982
46,3001,6/23/2013,4/24/2009
39,3002,10/29/1989,10/13/2009
29,3003,5/15/1983,4/7/2007
63,3004,10/30/2007,2/4/1986
65,3005,8/30/2003,12/1/2001
69,3006,8/4/2019,5/3/1979
7,3007,3/23/2018,7/17/2018
11,3008,6/29/2015,12/18/1999
19,3009,10/28/1987,9/24/2005
30,3010,5/31/2001,6/8/2004
13,3011,12/30/2013,12/19/1985
17,3012,12/23/1986,2/9/1997
66,3013,2/3/1988,6/16/1981
47,3014,7/17/2016,7/24/1975
64,3015,7/15/1977,3/9/2001
66,3016,4/11/2019,3/13/1976
17,3017,3/4/2017,7/16/2010
2,3018,1/29/2015,3/4/1989
51,3019,1/29/1999,5/3/1972
49,3020,11/19/1993,4/9/1996
33,3021,8/21/1999,9/4/1985
56,3022,5/2/2011,10/18/1998
46,3023,8/21/2000,7/24/1972
19,3024,5/1/2009,11/10/1979
46,3025,10/12/1979,11/12/1999
62,3026,7/28/1973,1/27/1979
31,3027,8/19/2006,3/16/1994
68,3028,7/31/1982,6/24/2020
15,3029,4/7/2015,10/28/2017
8,3030,7/2/2004,11/1/2010
12,3031,6/26/1985,8/21/2001
47,3032,11/27/2012,6/14/2011
3,3033,8/25/1982,3/13/1981
2,3034,8/28/2018,6/3/2011
61,3035,12/3/2009,10/21/2016
10,3036,12/17/2005,4/13/1993
34,3037,11/2/2012,10/24/2019
67,3038,10/12/2012,7/17/2003
50,3039,8/7/1979,2/1/1970
19,3040,1/26/1973,9/16/1973
61,3041,2/4/2012,2/10/2015
29,3042,10/14/1972,12/14/1987
53,3043,12/6/2001,10/5/1992
50,3044,10/30/2007,5/8/1994
70,3045,8/30/1999,7/27/2003
6,3046,9/12/1987,4/21/2005
39,3047,5/3/1971,6/10/1974
46,3048,11/10/1993,2/1/2002
54,3049,8/1/1981,3/27/1977
13,3050,11/17/2000,2/3/1997
15,3051,2/19/2004,7/10/1975
59,3052,10/22/2004,2/22/1993
11,3053,6/9/1975,10/22/1983
68,3054,11/11/2001,6/14/2020
24,3055,7/2/1978,6/26/1992
70,3056,10/26/2009,5/8/1989
23,3057,2/22/1993,7/18/2007
13,3058,3/2/2011,12/8/1986
15,3059,9/12/2006,7/13/1997
12,3060,4/16/1973,1/28/1975
39,3061,4/4/1983,8/26/1985
70,3062,9/3/1983,1/8/1983
16,3063,6/24/2019,11/23/2007
44,3064,9/10/1988,8/12/2005
22,3065,11/13/2009,10/13/1995
2,3066,7/24/2011,12/8/1976
41,3067,5/20/1985,4/10/1974
8,3068,10/4/1979,4/8/1982
10,3069,10/16/1993,5/18/1995
66,3070,7/17/1982,4/13/1998
53,3071,7/29/2011,3/5/2017
50,3072,10/17/1970,9/10/2019
41,3073,9/29/1979,2/8/1980
41,3074,12/9/1981,2/21/2002
30,3075,3/11/1990,11/22/1991
48,3076,3/10/2011,6/17/1988
7,3077,9/13/2009,9/24/2020
66,3078,4/6/1992,11/1/1979
16,3079,12/18/1976,4/26/1980
42,3080,8/22/2004,9/15/2016
31,3081,6/16/2003,7/15/1977
70,3082,1/29/1973,6/9/2015
31,3083,2/21/2016,12/14/1994
28,3084,3/29/2021,2/13/2012
14,3085,3/9/2007,11/24/1973
63,3086,5/29/1970,7/3/1989
2,3087,9/25/1982,9/26/2004
58,3088,7/29/2009,3/28/1979
23,3089,10/30/2003,4/3/1976
5,3090,11/13/1980,7/28/2005
15,3091,12/24/1997,7/7/1997
6,3092,4/8/1979,9/16/1983
52,3093,4/28/1973,5/29/1991
10,3094,5/5/2010,4/22/1999
13,3095,3/6/2009,12/19/1992
16,3096,1/17/1988,8/11/1978
8,3097,2/9/1973,9/24/1978
45,3098,6/25/2017,2/1/1973
2,3099,2/22/2005,6/30/1984
65,3100,4/10/1977,3/2/2000
55,3101,4/17/2003,11/25/1999
19,3102,9/10/1998,2/1/1993
70,3103,7/9/2000,1/15/2005
63,3104,2/1/1999,1/23/2016
42,3105,8/7/1977,4/1/1987
40,3106,7/11/2002,7/25/1983
22,3107,10/24/1970,3/7/2021
12,3108,1/1/1984,10/27/1972
69,3109,9/10/1995,4/22/1975
10,3110,6/19/1980,1/25/1981
4,3111,8/13/2002,5/11/1977
64,3112,11/22/2005,2/15/2002
38,3113,5/13/1972,4/7/1995
1,3114,7/8/1972,7/9/1972
18,3115,4/9/1986,2/25/1996
65,3116,4/23/2020,7/23/1976
41,3117,12/3/1999,3/20/1981
2,3118,9/1/2000,6/7/2018
61,3119,6/17/2007,3/5/2020
49,3120,9/21/2014,2/22/1984
57,3121,2/13/2005,9/25/1970
35,3122,10/16/2012,9/4/2007
46,3123,7/29/2006,1/16/1970
63,3124,6/3/2018,12/30/1981
22,3125,6/4/1981,6/20/1973
65,3126,3/9/1978,12/5/2016
55,3127,12/29/1974,1/8/1999
70,3128,7/4/2015,8/27/2010
13,3129,11/7/1971,8/14/2010
45,3130,12/5/1972,11/28/2016
63,3131,5/31/1998,10/13/2011
14,3132,7/24/2011,9/15/2013
19,3133,11/28/1996,5/4/1997
14,3134,11/6/1971,2/2/1999
52,3135,11/27/1976,11/22/2020
68,3136,4/27/1998,12/31/2013
27,3137,10/14/1976,1/6/2004
12,3138,9/27/2020,3/11/1980
54,3139,8/10/1979,10/1/1979
57,3140,10/20/1998,12/12/2010
20,3141,9/11/1972,11/2/2003
9,3142,12/26/1994,12/25/1980
46,3143,10/29/2014,4/26/1976
71,3144,9/13/1983,12/12/1985
19,3145,2/17/2002,1/13/1995
68,3146,6/9/1985,2/27/2020
61,3147,3/16/1976,7/2/1990
35,3148,11/23/2011,8/23/1977
3,3149,2/11/1983,9/11/1985
27,3150,11/5/1991,8/3/1973
65,3151,6/30/2017,9/12/2018
33,3152,12/20/1972,11/3/1991
71,3153,1/9/2005,10/15/1996
34,3154,2/21/1973,3/11/1977
64,3155,8/22/1984,7/24/2019
21,3156,5/13/2020,11/20/2009
62,3157,9/24/2017,9/24/2015
8,3158,1/11/2009,3/28/2014
62,3159,7/9/2002,6/16/1990
6,3160,8/20/2005,6/12/2007
2,3161,11/5/1985,11/27/1984
60,3162,2/23/2013,6/23/1986
9,3163,11/17/1983,3/17/2012
49,3164,9/12/1990,7/30/2016
70,3165,4/4/1999,11/7/1991
48,3166,10/10/1999,11/30/1974
13,3167,10/5/2015,3/30/1972
41,3168,8/3/1976,1/27/1973
33,3169,12/22/1998,4/15/2003
32,3170,1/5/2008,2/28/2010
42,3171,12/18/1997,8/7/2002
24,3172,5/7/1998,5/26/1990
7,3173,3/31/2020,8/20/2011
8,3174,2/12/1982,6/26/1975
61,3175,4/27/1973,11/5/2010
7,3176,1/20/1973,5/8/1970
46,3177,1/31/1975,12/18/1972
44,3178,1/8/1976,8/1/2019
47,3179,7/9/1996,11/19/2002
20,3180,5/29/1979,3/9/1988
20,3181,12/18/2014,6/3/1987
60,3182,8/24/2008,9/14/2008
47,3183,11/16/1988,3/11/2014
14,3184,3/2/2016,9/25/1980
47,3185,6/3/2000,7/31/1976
61,3186,11/30/1975,2/4/1973
67,3187,1/8/2000,5/24/2017
16,3188,1/13/2007,4/2/1995
68,3189,9/22/1982,9/27/1980
51,3190,8/26/2008,6/12/1988
40,3191,12/6/1981,9/12/1983
5,3192,12/7/1988,9/23/1975
39,3193,5/9/1985,3/6/2006
9,3194,1/12/1981,3/3/1971
18,3195,11/20/1977,12/11/1976
71,3196,3/8/1996,6/16/2007
10,3197,3/27/2020,10/5/1998
20,3198,11/25/1980,2/6/2017
60,3199,7/10/2011,9/26/1977
13,3200,10/23/1985,3/23/1983
56,3201,6/7/2008,2/28/1973
11,3202,1/16/2012,3/21/1984
50,3203,11/1/1993,4/21/1998
12,3204,8/10/2005,6/3/2002
64,3205,6/15/1978,12/14/2002
46,3206,8/4/1997,10/27/1973
41,3207,8/25/2005,12/8/2007
64,3208,10/14/2013,9/16/1992
23,3209,5/27/2018,2/19/2008
41,3210,6/5/1980,10/3/1984
6,3211,4/28/2020,4/16/1993
39,3212,10/29/1971,5/28/1980
31,3213,8/20/1989,11/14/2013
62,3214,3/3/2010,1/11/1972
5,3215,11/25/1990,3/25/1978
39,3216,7/26/2020,1/12/1988
70,3217,3/12/2011,8/14/2004
68,3218,8/8/2007,7/1/1988
21,3219,5/9/1980,1/16/1992
47,3220,6/26/1998,7/13/1989
36,3221,1/1/1984,10/11/2003
15,3222,1/25/2002,12/30/1970
21,3223,3/22/1996,7/26/1979
18,3224,11/4/2008,10/31/1993
14,3225,5/5/2017,12/18/1996
55,3226,4/28/2016,4/9/1998
34,3227,9/5/1993,5/9/2006
71,3228,1/20/2020,4/3/1986
30,3229,5/22/1985,6/21/1980
42,3230,3/23/1998,6/14/1991
41,3231,9/24/2016,3/8/2007
69,3232,9/2/2002,10/19/2004
67,3233,10/1/1975,8/22/2001
30,3234,9/27/1973,1/26/2012
15,3235,4/19/2009,2/3/1975
68,3236,1/28/2020,1/1/2019
13,3237,3/8/2015,3/31/2021
45,3238,6/30/1984,8/8/2007
68,3239,9/17/1999,1/20/1990
40,3240,9/27/2008,7/8/1987
10,3241,12/26/1999,11/18/2006
54,3242,4/11/1991,11/10/1988
18,3243,9/27/1972,7/14/1979
66,3244,3/30/1990,1/10/1986
62,3245,1/25/1981,4/3/1985
58,3246,1/14/2000,9/7/2005
24,3247,3/1/2012,12/16/1995
30,3248,7/12/1975,8/21/1997
55,3249,10/4/1998,7/24/2018
49,3250,8/23/1982,1/18/1984
22,3251,4/2/2012,9/20/1971
26,3252,7/14/1995,12/16/1981
48,3253,1/16/2012,9/22/2012
4,3254,9/4/2011,2/21/1985
17,3255,8/15/1996,5/14/2007
52,3256,4/11/1979,6/8/1997
19,3257,7/2/2000,5/11/2001
61,3258,2/7/1983,1/17/1982
33,3259,3/19/1982,4/29/1982
7,3260,1/21/2010,4/21/1982
62,3261,2/12/2003,5/24/2007
48,3262,9/5/2000,11/24/2011
49,3263,4/18/1999,6/3/1974
17,3264,1/9/1995,8/17/1978
62,3265,12/5/2012,12/16/1971
1,3266,2/12/2018,8/27/2014
52,3267,10/1/1995,5/11/1973
7,3268,1/6/2018,6/8/2020
35,3269,2/6/1987,9/27/2005
36,3270,9/4/1987,3/14/1999
66,3271,3/8/1993,9/1/2014
52,3272,11/15/2002,8/15/1973
50,3273,9/25/1996,4/2/2018
5,3274,6/20/2003,10/24/1986
27,3275,11/24/1987,8/14/2003
63,3276,11/30/1971,9/5/1977
29,3277,12/10/2003,9/19/1998
45,3278,5/15/2014,10/30/1971
63,3279,4/4/1986,3/22/2020
27,3280,5/15/2013,11/28/1982
17,3281,1/17/1971,12/18/2020
20,3282,11/3/1999,7/28/1976
9,3283,11/19/2014,2/18/1972
6,3284,11/8/2011,5/19/1989
39,3285,4/3/1971,2/5/1980
30,3286,12/4/2004,6/3/2016
57,3287,2/2/2013,11/18/1994
7,3288,11/3/2015,8/18/2017
53,3289,1/24/2013,10/19/2013
5,3290,7/31/1991,6/15/2004
16,3291,6/8/2002,1/30/1986
67,3292,10/7/1970,1/14/1992
43,3293,3/15/2018,11/22/1970
64,3294,12/7/2016,8/2/1981
36,3295,12/27/1974,3/10/1997
48,3296,12/1/2003,10/27/2003
33,3297,5/20/1988,4/26/2004
11,3298,12/7/1996,3/30/2019
55,3299,7/15/1999,1/28/2017
54,3300,6/26/2010,12/6/2010
14,3301,3/18/2002,7/27/1971
9,3302,9/20/1984,9/4/1985
68,3303,6/20/1974,9/29/2005
22,3304,6/28/1984,1/19/1983
64,3305,2/3/1978,11/11/2018
11,3306,3/28/2004,1/7/1982
46,3307,1/16/2016,6/20/1977
44,3308,3/25/1999,12/2/1975
37,3309,6/8/2009,11/6/1986
41,3310,4/27/1998,9/19/1996
68,3311,2/7/1994,5/13/2020
29,3312,4/3/1986,10/30/1995
55,3313,1/4/2007,9/1/1987
61,3314,2/19/2006,11/7/1977
54,3315,7/31/2018,4/8/1974
43,3316,9/15/1985,7/4/1974
41,3317,5/3/1975,10/29/2011
60,3318,1/29/2015,10/7/1992
42,3319,1/30/1993,9/4/1974
14,3320,1/22/2007,5/9/2013
49,3321,4/15/1985,10/18/1999
30,3322,7/23/1972,12/21/1982
66,3323,10/30/1982,9/21/1973
69,3324,6/24/2019,3/20/2019
36,3325,9/25/2017,7/11/2001
18,3326,9/21/2020,3/20/1972
48,3327,8/4/1987,6/7/2002
44,3328,3/30/1986,9/1/2020
58,3329,9/10/2020,8/20/1984
17,3330,9/9/1991,4/15/2019
61,3331,12/26/1972,1/18/1993
43,3332,11/29/2013,11/13/2019
26,3333,2/22/1977,12/19/1993
27,3334,12/27/1978,3/19/1972
40,3335,8/5/1980,9/7/2018
47,3336,8/28/2006,2/13/1975
26,3337,6/30/1985,7/2/2011
10,3338,7/3/1982,10/27/1977
50,3339,3/7/1990,12/23/2011
23,3340,3/2/2000,7/24/1970
5,3341,12/27/2003,7/11/2009
58,3342,4/25/2020,11/30/1995
28,3343,5/11/2013,3/2/1971
47,3344,10/2/1977,11/18/1990
40,3345,7/21/2012,7/2/1998
51,3346,9/9/2007,6/29/1991
33,3347,5/21/1995,11/7/1999
28,3348,12/10/1989,11/30/1975
69,3349,10/22/1984,1/13/1988
29,3350,10/14/2007,4/3/1992
26,3351,10/5/2000,1/16/2008
11,3352,2/9/2000,3/22/2011
21,3353,7/8/2010,7/26/1988
32,3354,5/9/1979,1/13/1998
57,3355,3/25/1978,7/28/1996
13,3356,1/5/2006,5/14/1993
45,3357,6/13/2012,6/20/1987
64,3358,10/11/2009,3/30/1994
26,3359,3/11/2008,5/6/1979
44,3360,11/13/2019,8/25/1978
54,3361,4/16/2008,4/14/2015
41,3362,12/8/1988,4/10/2013
29,3363,12/6/1978,8/25/2012
4,3364,4/1/1973,10/11/1979
36,3365,10/8/1991,5/30/2011
14,3366,8/6/1992,5/11/1996
45,3367,12/2/2013,7/25/1972
41,3368,4/5/2014,2/24/1971
31,3369,12/27/2019,7/17/1995
34,3370,11/15/2019,2/21/2001
38,3371,8/26/1991,4/28/2006
66,3372,3/5/2007,2/12/1979
65,3373,10/1/2006,11/10/1983
36,3374,8/5/2011,10/22/2005
51,3375,8/24/1986,5/29/1983
30,3376,6/5/1987,3/10/1992
1,3377,1/26/2013,12/8/2015
20,3378,1/17/2013,2/9/2013
59,3379,3/28/2018,8/10/1986
34,3380,9/4/1974,6/13/1981
40,3381,12/19/1978,10/19/1983
42,3382,12/23/1981,12/13/1996
49,3383,6/23/2007,6/8/1980
22,3384,1/18/2017,12/8/1992
49,3385,2/28/1976,7/14/1979
27,3386,4/11/1999,8/14/1985
2,3387,7/16/1975,2/17/1987
46,3388,12/30/2016,7/11/1975
66,3389,9/9/1984,12/15/1989
60,3390,11/25/2014,9/3/2002
37,3391,2/4/1988,9/11/1995
48,3392,7/22/1999,1/9/1996
33,3393,4/12/1973,12/3/1984
44,3394,6/2/1996,5/2/1999
47,3395,12/26/1991,7/20/1984
7,3396,5/29/1984,4/2/1983
55,3397,8/14/2010,12/7/1978
1,3398,9/9/2019,5/23/1979
32,3399,11/6/1988,11/15/1971
55,3400,6/24/1983,3/7/1975
13,3401,10/5/2016,11/11/2005
35,3402,8/20/1995,12/15/1974
20,3403,6/18/1993,3/7/2018
67,3404,10/16/1970,5/23/2017
27,3405,1/3/1997,6/16/1978
30,3406,3/1/1982,2/9/1986
22,3407,10/4/1988,6/7/2002
17,3408,11/13/1973,2/9/2017
7,3409,1/4/1983,1/26/1988
63,3410,11/27/1973,4/22/1984
64,3411,3/11/1988,9/28/2013
29,3412,9/19/1973,2/26/1986
3,3413,10/28/2000,7/2/1976
35,3414,11/9/1987,6/10/2016
67,3415,11/28/2003,2/21/1990
52,3416,3/21/1992,8/13/2006
55,3417,12/25/2010,7/2/1985
40,3418,9/9/1994,12/25/1982
25,3419,5/28/1980,7/23/1971
28,3420,11/15/1985,6/25/2007
63,3421,1/12/1997,10/31/1981
4,3422,11/11/2000,8/14/2012
20,3423,9/1/1989,2/22/2009
70,3424,12/3/2020,12/25/1992
39,3425,10/6/1994,4/29/1986
11,3426,3/28/1980,10/6/2001
47,3427,12/9/1987,5/9/1982
17,3428,11/11/1990,1/14/2018
14,3429,3/19/1987,10/25/1971
9,3430,6/8/2017,6/13/1971
38,3431,7/11/1976,8/8/1989
62,3432,1/22/1980,5/12/1979
22,3433,1/28/1971,4/18/1981
21,3434,1/19/1990,3/27/1979
71,3435,11/12/1987,2/10/2012
5,3436,5/28/1970,5/21/1987
70,3437,10/11/2011,1/22/1978
6,3438,6/20/2000,3/5/1972
59,3439,5/9/1982,3/14/1977
68,3440,2/26/2018,5/25/1990
58,3441,9/1/1979,3/10/2000
47,3442,12/30/2000,10/1/2012
43,3443,4/24/2010,2/5/2011
27,3444,2/15/2010,5/9/1997
33,3445,8/25/1975,12/12/1998
70,3446,10/19/1974,5/21/2001
51,3447,10/17/1998,3/9/2020
34,3448,7/27/2008,4/19/1990
23,3449,7/8/1989,1/30/1994
1,3450,10/3/1983,6/4/1999
14,3451,6/20/1974,4/18/1996
43,3452,7/15/1970,5/8/1971
58,3453,1/6/2001,7/15/2016
40,3454,10/21/1984,8/20/2003
71,3455,4/28/2010,9/29/2005
39,3456,7/12/2011,12/23/1973
61,3457,1/9/1996,11/27/1982
64,3458,5/10/1989,6/15/2017
46,3459,8/19/2010,5/29/1974
11,3460,7/7/1982,6/16/1985
37,3461,10/12/1971,2/21/1986
69,3462,1/19/2019,9/29/1981
52,3463,8/10/2019,9/10/2009
39,3464,2/10/1984,1/24/1983
45,3465,12/21/2016,8/25/1992
54,3466,12/14/1982,11/25/2018
44,3467,11/29/1995,8/31/2000
14,3468,6/15/1988,12/25/2010
32,3469,11/29/2014,12/1/2018
48,3470,10/19/1984,2/5/2000
22,3471,12/3/2008,6/8/1974
49,3472,1/5/1993,12/12/1970
64,3473,5/11/1983,11/28/2006
28,3474,12/13/2011,12/31/2018
71,3475,8/4/2010,11/23/1980
54,3476,11/27/1982,7/27/2015
36,3477,8/2/2003,1/30/1994
15,3478,10/17/2008,10/30/1988
67,3479,11/5/1992,6/16/2020
61,3480,1/31/1985,7/13/1985
63,3481,1/6/2009,9/6/2012
47,3482,7/9/2008,1/20/2007
52,3483,8/5/1991,1/14/1987
11,3484,6/15/2001,9/8/1993
42,3485,7/12/2015,6/5/1979
52,3486,6/28/1970,2/18/2017
17,3487,4/28/1983,3/3/1994
8,3488,9/10/1988,11/1/1987
